headline,article_text,source_domain,publish_date,claim_verdict,label,id
"Jaishankar heads to Ukraine, Poland to discuss ‘issues of mutual interest’","Jaishankar heads to Ukraine, Poland to discuss ‘issues of mutual interest’",indianexpress.com,2026-09-02,Verified Real,0,418
"Another Valentine’s Day, another free run for Right-wing outfits intimidating couples","“Jahan Dikhenge Babu-Shona, Tod Diya jayega Sharir ka kona kona” (Translation: Wherever we see Babu Shona, we will break every corner of their bodies) Every year on Valentine’s Day, Bajrang Dal activists hit the streets with slogans such as the above targeting couples. This year was no exception. Across several north Indian states, Hindutva activists donned saffron […]",altnews.in,2026-02-20,False,1,212
The Hindu clipping on Indira Gandhi urging people not to buy gold in 1967 is fake,"A viral image claiming to be a June 6, 1967 front page of The Hindu is viral on social media. The clipping, shared by several social media users, journalists, and even a few media outlets, claims that then Prime Minister Indira Gandhi appealed to citizens on June 5, 1967, not to buy gold and to maintain […]",altnews.in,2026-05-13,False,1,117
SC finds no cognizable offence in Anurag Thakur’s ‘Desh ke gaddaro ko’ slogan; calls hate speech a blow to constitutional values,The Supreme Court on Wednesday upheld a clean chit given to BJP leaders Anurag Thakur and Parvesh Verma by the Delhi high court in connection with alleged hate speech during the 2020 protests against the Citizenship Amendment Act. A Bench comprising Justice Vikram Nath and Justice Sandeep Mehta observed that no cognizable offence was made […],altnews.in,2026-05-03,False,1,130
"Cow vigilantes strike in Gandhinagar, chase and topple car, beat up Muslim men transporting ‘buffaloes’","A black SUV without a number plate cruises along the Modhera Temple overbridge in Gujarat in the dead of night, as if on the hunt. It spots a pickup van carrying buffalo calves and accelerates. The van’s occupants notice they are being tailed. They first stop, but then try to speed away. Moments later, another […]",altnews.in,2026-02-28,False,1,207
"Red carpet for Laura Loomer, deportation for critics: A tale of two Indias","Earlier this month, India witnessed a striking contrast in how it treats those who enter its borders. While several academics, writers and critics of the government have, in recent years, been denied entry or deported despite holding valid visas, a controversial and openly Islamophobic figure — American commentator Laura Loomer –was not only allowed into […]",altnews.in,2026-03-31,False,1,165
Video of Shashi Tharoor praising Pakistan’s cricket diplomacy is a deepfake,"A video purportedly showing Congress MP Shashi Tharoor speaking to media persons is being widely circulated on social media. In it, Tharoor is seen praising Pakistan for “good diplomacy” and “completely pinning down” the Indian cricket board. In the 24-second clip, Tharoor says: “I think how Pakistan played is indeed brilliant. I don’t know what […]",altnews.in,2026-02-13,False,1,219
BJP leaders share old video from Patna claiming CJP protestors pelted stones at newly launched hydrogen train,"As thousands of youth supporters of Cockroach Janta Party (CJP) marched towards the Parliament on July 20 demanding the resignation of Union education minister Dharmendra Pradhan, and clashed with Delhi Police, a video surfaced on social media where people can be seen pelting stones at a train inside a rail station. X User Janardan Mishra […]",altnews.in,2026-07-20,False,1,59
"Punjab and Haryana High Court rejects dismissal of DSP Sandhu, removed from service over recording of Lawrence interview","Punjab and Haryana High Court rejects dismissal of DSP Sandhu, removed from service over recording of Lawrence interview",indianexpress.com,2026-09-03,Verified Real,0,475
Express Impact: Jharkhand poll authorities order probe into voter deletion forms,Express Impact: Jharkhand poll authorities order probe into voter deletion forms,indianexpress.com,2026-09-02,Verified Real,0,425
"Kanohar Electricals, Arcil, Glass Wall Systems fix IPO price bands","Kanohar Electricals, Arcil and Glass Wall Systems announce IPO price bands as Lumino Industries lists at a 35% premium and Rays of Belief sees nearly 108x subscription",business-standard.com,2026-09-03,Verified Real,0,497
163 Indians rescued in Nepal: MEA after flash floods,163 Indians rescued in Nepal: MEA after flash floods,indianexpress.com,2026-09-01,Verified Real,0,448
"‘Gross abuse of law’: Delhi HC quashes NewsClick FIR, ED case against Prabir Purkayastha","In a significant ruling for press freedom and criminal procedure, the Delhi high court has quashed the FIR registered by the Delhi Police’s Economic Offences Wing (EOW) and the Enforcement Directorate’s (ED) money laundering proceedings against independent news portal NewsClick and its editor-in-chief Prabir Purkayastha. The order, delivered by Justice Neena Bansal Krishna on May […]",altnews.in,2026-06-12,False,1,93
Kurukshetra video: Accused in temple-priest attack not Muslims,A CCTV clip showing a man dragging another person by a rope tied around his neck is being shared with the claim that a Muslim man assaulted a Hindu temple priest in Adhoni village of Haryana’s Kurukshetra because the temple was obstructing devotees from visiting a nearby dargah. Verified X user @MrTiwaree shared the video […],altnews.in,2026-07-11,False,1,69
Rupee jumps 47 paise to 94.26 against U.S. dollar in early trade,"Meanwhile, the dollar index, which gauges the greenback's strength against a basket of six currencies, was trading at 99.43, marginally lower by 0.16% on safe-haven demand amid renewed U.S.-Iran tensions",thehindu.com,2026-09-03,Verified Real,0,388
"BJP, media outlets share Holi video as people celebrating BJP victory in Bengal","A viral video claiming to show people in West Bengal celebrating the victory of the Bharatiya Janata Party in the Bengal assembly elections on May 4, 2026, is being widely shared on social media. The 27-second clip shows a large crowd chanting “Jai Sri Ram” on Howrah Bridge, giving the impression of post-election celebrations. The […]",altnews.in,2026-05-05,False,1,127
Viral clip of Army Chief Upendra Dwivedi ‘admitting’ India gave away Iranian ship’s location is a deepfake,A 57-second video of India’s Chief of Army Staff Upendra Dwivedi is viral on social media. Users are sharing the clip with the claim that Dwivedi “admitted” that India had “betrayed” Iran by sharing the location of an Iranian naval ship with Israel. The video is circulating amid the ongoing war in West Asia with […],altnews.in,2026-03-09,False,1,193
Mahajan Imaging & Labs has entered a joint venture partnership with Neuberg Diagnostics,"The joint venture is structured to create a single, integrated diagnostic pathway for patients and clinicians.",thehindu.com,2026-09-02,Verified Real,0,392
US military base in UAE under attack? Viral video is actually from June 2025,"A 15-second clip showing a massive explosion is going viral on social media, being shared as footage from the ongoing US–Israel war against Iran. Users claim it captures a United States military base in the United Arab Emirates under attack. On February 28, the United States and Israel launched a joint assault on Iran, targeting […]",altnews.in,2026-03-05,False,1,202
Heavy showers lash South Bengal; Kolkata records nearly 80 mm of rainfall,Heavy showers lash South Bengal; Kolkata records nearly 80 mm of rainfall,indianexpress.com,2026-09-03,Verified Real,0,479
Periyar pollution: PCB serves closure notice on chicken rendering unit in Edayar,The action was taken after inspections by officials of the Environment Surveillance Centre of the Board in Eloor found unauthorised effluent discharge through the stormwater outlet pipe into the river,thehindu.com,2026-09-03,Verified Real,0,340
"Cockroach Janta Party Faction Emerges, Calls For Volunteers","Manish Brahmbhatt, who leads this faction, alleges that after the movement led by the CJP succeeded it was ""sold out and politicised"". Sources say Brahmbhatt ""had nothing to do with the movement"" and have played down the talk of a faction.",ndtv.com,2026-09-03,Verified Real,0,280
"3 years after Chandigarh Army officer died, widow navigated paperwork for months","3 years after Chandigarh Army officer died, widow navigated paperwork for months",indianexpress.com,2026-09-03,Verified Real,0,460
CRPF action on ‘Trinamool goons’? Old video from Bangladesh falsely viral,"A video is being widely shared on social media linking it to the 2026 West Bengal Assembly elections. It shows two men arriving on a motorcycle, dismounting, and attacking a door with an axe before being detained by security personnel. Users claim the men were Trinamool Congress (TMC) workers attempting to intimidate voters, and that […]",altnews.in,2026-04-22,False,1,143
Bethlehem Kudumba Unit Box Office Collection Day 13: Film Sees Slight Dip,"Nivin Pauly and Mamitha Baiju starrer earned Rs 4.50 crore net in India on its 13th day, taking its total India net collection to Rs 98.10 crore.",ndtv.com,2026-09-03,Verified Real,0,297
"The Daily Catch-Up: Sonia Gandhi book row, NEET FIRs, Nepal floods and more","The Daily Catch-Up: Sonia Gandhi book row, NEET FIRs, Nepal floods and more",indianexpress.com,2026-09-01,Verified Real,0,454
"No bikes, no booze, no outsiders: Poll panel’s unprecedented orders stump Bengal","When the Election Commission of India deployed 2.4 lakh Central Armed Police Forces across West Bengal — three times the number sent during the 2021 assembly elections — it sent an unambiguous signal: These polls would be different. What followed was a cascade of directives that, while aimed at ensuring a free and fair election, […]",altnews.in,2026-04-25,False,1,138
"I swear I won’t do anything for Muslims, says Bengal BJP MLA Ritesh Tiwari","Days after the BJP formed its first government in West Bengal under chief minister Suvendu Adhikari, a speech by BJP MLA Ritesh Tiwari has sparked outrage online. “In these 74 years of elections in West Bengal, I am most likely the first MLA from this constituency who has not received a single vote from a […]",altnews.in,2026-05-17,False,1,111
"Viral video of SRH owner Kavya Maran in tears after SRH loss is two years old, not recent","A video, showing Kavya Maran, co-owner and CEO of the IPL team Sunrisers Hyderabad (SRH), is viral on social media, where she is seen breaking down in tears, followed by clapping. According to social media users, Maran was reportedly crying after SRH lost the crucial eliminator clash against the Rajasthan Royals on May 27, which […]",altnews.in,2026-06-03,False,1,98
India’s LPG ‘crisis’: Real supply crunch or war-driven panic? Alt News checks the last mile,"Is India grappling with a deepening LPG crisis? As reports of delays in LPG deliveries surface from parts of the country, questions are being raised about the stability of India’s cooking gas supply. It is clear that a combination of global disruptions and domestic demand patterns has created panic among consumers in recent weeks. Global […]",altnews.in,2026-03-17,False,1,179
"Rahul’s student outreach hits Madhya Pradesh roadblock: Congress, BJP spar over Indore venue","Rahul’s student outreach hits Madhya Pradesh roadblock: Congress, BJP spar over Indore venue",indianexpress.com,2026-09-02,Verified Real,0,423
"Bulldozer action in Kolkata: Demolition stayed by court, panic and uncertainty linger","The Calcutta high court on May 15 stayed the demolition drive underway in Kolkata’s Topsia neighbourhood, ordering the authorities to maintain status quo at the site. The order effectively stopped the Kolkata Municipal Corporation’s (KMC) bulldozer action following a fire at the premises of Delta Leather Corporation on Gulam Jilani Khan Road that claimed two […]",altnews.in,2026-05-22,False,1,108
Pune man leading war against noise pollution during Ganpati slapped on camera,Pune man leading war against noise pollution during Ganpati slapped on camera,indianexpress.com,2026-09-03,Verified Real,0,473
Bangladesh video falsely viral as Kerala man attacked by daughters over sexual abuse,"A three-minute video that appears to be CCTV footage of a bleeding man has gone viral. In the footage, two men can be seen opening a collapsible gate, after which another man walks out, howling as he bleeds and eventually walks away. Social media users have claimed that the man from Kerala seen in the […]",altnews.in,2026-07-04,False,1,72
"In Nepal, Symbolic Funerals Along Trishuli And Anguish Of Families","The flash floods have claimed more than 1,200 lives, more than 4,000 people are still missing.",ndtv.com,2026-09-03,Verified Real,0,254
"India, Belgium call for end to conflicts in West Asia, Ukraine","Eliminating terrorism in all its forms is our shared commitment, says Modi after meeting with Belgian PM Bart De Wever",thehindu.com,2026-09-03,Verified Real,0,318
"Saffron-clad men gherao Anandabazar Patrika office in Kolkata, paint walls saffron","A group of saffron-clad men painted the walls of the Anandabazar Patrika (ABP) office in Kolkata saffron on September 1, days after West Bengal chief minister Suvendu Adhikari had demanded an apology from the daily for describing the recent violence at Jadavpur University as “gerua gundami” — or “saffron hooliganism”. Videos show two men painting […]",altnews.in,2026-09-01,False,1,5
Noida protests: Several unrelated videos shared as scenes of violence during workers’ agitation,"In the wake of violent protests by factory workers in Noida over wage hike demands on April 14, social media has been flooded with videos purportedly showing scenes from the unrest. Workers had assembled on April 13 across parts of the city to press their demands, but the situation escalated into clashes, with reports of […]",altnews.in,2026-04-19,False,1,146
Uber to exit Nigeria after 12 years of operations,"Uber decided to wind down its Nigerian business ‌after a review of operations, it said, without disclosing further details on the ‌reasons for the move",thehindu.com,2026-09-03,Verified Real,0,384
‘Not seeking Jharkhand CM’s resignation…’ Fake quote attributed to Abhijeet Dipke viral,"A purported statement by Cockroach Janta Party (CJP) founder Abhijeet Dipke is circulating on social media. In the viral post, Dipke is quoted as saying, “We are demanding responsibility, not resignation from the chief minister (of Jharkhand), so that problems don’t arise regarding papers in the future.” The apparent statement was shared by a verified […]",altnews.in,2026-08-25,False,1,13
Khamenei’s death: No reports of attack on Israeli embassy in Delhi; Jantar Mantar protest video shared falsely,Following reports of Iran’s supreme leader Ayatollah Ali Khamenei’s death in a joint US–Israeli airstrike at his Tehran residence on February 28 — an operation reportedly codenamed “Roaring Lion” by Israel and “Epic Fury” by the US — large gatherings were reported in several Indian cities. A 16-second clip went viral on social media in […],altnews.in,2026-03-05,False,1,201
Rupee rises 14 paise to close at 94.59 against U.S. dollar,"Research analysts said the rupee is expected to trade with a positive bias on optimism over rising foreign inflows, a rise in risk appetite in global markets and softening of the U.S. Dollar",thehindu.com,2026-09-03,Verified Real,0,377
‘Where did our votes go?’: Ask electors in Bengal’s New Town where BJP polled 97% votes in a Muslim majority booth,"In Booth 164 of West Bengal’s Rajarhat New Town, the assembly election result has sparked questions among local residents, opposition leaders and political workers. When Alt News visited the constituency and spoke to voters, several of them described the result as absurd and impossible. The CPI(M)-ISF alliance candidate Saptarshi Deb received just one vote from […]",altnews.in,2026-06-10,False,1,94
"Supreme Court disposes of SEBI appeals against NSE in co-location, dark fibre cases","In July, SEBI had accepted two settlement applications filed by the NSE for an aggregate amount of about ₹1,492 crore. Of this, about ₹1,224 crore pertained to the co-location case, while ₹268 crore related to the dark fibre case, also known as the leased-line connectivity case.",thehindu.com,2026-09-03,Verified Real,0,301
"US Stock Market Today: S&P 500, Nasdaq, Dow Trade Higher As Oil Prices Stabilise","The Dow Jones Industrial Average was up 0.6%, with the S&P 500 traded at an uptick of 0.5%, and the Nasdaq Composite started the session 0.4% higher.",ndtv.com,2026-09-03,Verified Real,0,298
"GRP arrests man for pushing Muslim cleric off moving train, solves Bareilly death case","Trigger Warning: Disturbing Visuals The Uttar Pradesh Government Railway Police (GRP) has arrested a Moradabad man named Pankaj Rajput for allegedly pushing a Muslim cleric off a moving train near Bareilly in April, solving a case that was initially treated as an accidental death before an audio recording and a subsequent investigation pointed to murder. […]",altnews.in,2026-06-15,False,1,91
SEBI set to revise derivatives settlement price methodology after CAS feedback; expected in about a week,SEBI’s proposed review is aimed at addressing the concerns raised during the initial phase of CAS implementation while incorporating feedback from market participants.,thehindu.com,2026-09-03,Verified Real,0,364
‘Dear Soni’: Father’s birthday letter to DU student jailed over Noida protest,‘Dear Soni’: Father’s birthday letter to DU student jailed over Noida protest,indianexpress.com,2026-09-03,Verified Real,0,466
"Eating chicken on Ganga can’t be an offence, no law bars that, says Justice Ujjal Bhuyan","Asserting that there was no law that prohibited eating chicken on the Ganges, Justice Ujjal Bhuyan of the Supreme Court on Saturday, July 25, criticised the arrest of 14 young Muslim men in Varanasi in March this year. While delivering the fourth Justice GP Singh memorial lecture at the National Law Institute University in Bhopal, […]",altnews.in,2026-07-27,False,1,49
Video from Bangladesh of man popping child’s balloons falsely shared with communal angle,"A video of a man bursting all the balloons of a child balloon seller wearing a skullcap is being circulated on social media as an act of hate. The video shows the child pleading with the man to stop. Verified X user @pathan_sumaya shared the video saying, “A person who is doing brutality against a […]",altnews.in,2026-01-28,False,1,234
Italian rhythmic gymnast’s video falsely viral as Indian athlete Shubhashree More,"A video of a woman gymnast is viral on social media as the performance of Indian athlete Shubhshree Udaysingh More at the FIG Rhythmic Gymnastics World Cup 2025. The 1.42-minute clip shows a woman performing a ball routine on a professional competition floor. Rhythmic gymnastics, which combines dance, acrobatics and gymnastics, uses five main handheld apparatuses […]",altnews.in,2026-01-31,False,1,231
Consumer Commission orders attachment of Sushma Chandigarh Grande for recovery of dues,Consumer Commission orders attachment of Sushma Chandigarh Grande for recovery of dues,indianexpress.com,2026-09-03,Verified Real,0,474
Toxic Shows No Sign Of Growth Ahead Of Mirzapur The Movie Release,"On Day 8, Toxic collected a net of ₹5.10 crore across 12,432 shows.",ndtv.com,2026-09-03,Verified Real,0,286
The psychology of those left behind in a layoff,Oracle chose to liquidate 18% of its workforce to fund the future. Whether those who still remain can build that future is now the more consequential question,thehindu.com,2026-09-03,Verified Real,0,374
"‘Beat them black and blue’: How Hindutva leader Pinky Chaudhary, others called for violence against student protesters","In the aftermath of the massive police crackdown at Delhi’s Jantar Mantar protest on July 20, which left hundreds of protesters injured and hospitalised, Hindu Raksha Dal chief Pinky Chaudhary, along with other Hindutva influencers, posted a stream of videos urging Right-wing supporters to gather in Delhi and take violent action against the protesters. Some […]",altnews.in,2026-07-30,False,1,43
"‘Ill-educated, egregiously wrong’: World Bank ED Mishra on row over GDP data","Mr. Mishra’s statement on X came amid a political row over the growth figures released by the government, which were contested by former Finance Secretary, S. C. Garg.",thehindu.com,2026-09-03,Verified Real,0,383
"India services activity expands in August, pace of growth cools to over 4-year low: PMI","The seasonally adjusted HSBC India Services PMI Business Activity Index rose from 53.3 in July to 54.1 in August, as demand conditions remained supportive and new business inflows continued to rise",thehindu.com,2026-09-03,Verified Real,0,386
"West Asia conflict: Aaj Tak, NDTV, News18 played Bahrain video as Iranian attack in Dubai","After the US and Israel launched strikes on Iran, Iran retaliated by attacking several locations in West Asia, including a luxury hotel and an airport in Dubai. Visuals purportedly showing the attacks and the damage in Dubai soon began circulating online. Amid this, Aaj Tak anchor Anjana Om Kashyap aired a video in her show […]",altnews.in,2026-03-05,False,1,200
Instagram censorship puzzle: Alt News post survives only after ‘Burhan Wani’ is removed,"In July, an Alt News post about the upcoming Bollywood film ‘Chauhaan’ was removed twice by Instagram. The post survived when we shared it the third time, but only after two references to Burhan Wani were removed. The episode offers a glimpse into the opaque manner in which content restrictions are being enforced on Instagram […]",altnews.in,2026-08-19,False,1,18
"No presidential assent to ‘Goonda Act’, it’s still a Bill, notes Calcutta high court","A division bench of the Calcutta high court comprising Acting Chief Justice Tapabrata Chakraborty and Justice Partha Sarathi Chatterjee on August 6 dismissed three public interest litigations (PILs) challenging the West Bengal Public Safety and Control of Anti-Social Activities Bill, 2026, — also referred to as the “Goonda Act” or “Anti-Goonda Act” — on the […]",altnews.in,2026-08-07,False,1,32
ED books money laundering case against suspended DSP Bheem Reddy,ED books money laundering case against suspended DSP Bheem Reddy,thehindu.com,2026-09-03,Verified Real,0,351
"‘Namaz by truck driver causing traffic jam’: Zee News fined for false, communal reporting","Imposing a penalty of Rs 1,00,000 on Zee News for a report that falsely claimed that a truck driver offering namaz atop his vehicle had caused traffic jam on the Srinagar Jammu Highway, the News Broadcasters & Digital Standards Authority (NBDSA) has issued a set of guidelines to media outlets for doing stories based on […]",altnews.in,2026-02-26,False,1,210
Old video from Mumbai falsely circulated as Naseeruddin Shah joining Jantar Mantar stir,"On July 20, the day the CJP-led ‘Sansad Chalo’ protest-march saw clashes between youth protesters and security personnel in Delhi, News18 published a report at 10 pm titled, ‘Naseeruddin Shah Reaches Jantar Mantar With Sons Imaad, Vivaan Amid CJP Protest’. The report was based on a viral clip being circulated on social media showing Naseeruddin […]",altnews.in,2026-07-22,False,1,57
"Rajasthan High Court Acting Chief Justice rejects allegations, urges patience","In a statement, Justice Sanjeev Prakash Sharma calls upon lawyers, journalists and all concerned to ‘respect the principles of justice and exercise patience until the CJI takes a decision’; he says the SC judge’s allegations are baseless and have been levelled out of rancour",thehindu.com,2026-09-03,Verified Real,0,321
Viral ‘pen bomb’ warning messages baseless; police refute rumour,"A photo of what appears to be five grenade-shaped pens is being widely shared on social media. Along with it, an audio message and photographs of injured people are rapidly circulating on WhatsApp. The message warns people against bombs resembling pen-like objects scattered in various places. “Anyone who presses the button on top of this […]",altnews.in,2026-06-25,False,1,80
Own vacant land in Bengaluru? New parking proposal offers 100% tax waiver,Own vacant land in Bengaluru? New parking proposal offers 100% tax waiver,indianexpress.com,2026-09-03,Verified Real,0,490
Bihar government issues advisory against consuming fish washed in by Nepal floods,Bihar government issues advisory against consuming fish washed in by Nepal floods,indianexpress.com,2026-09-02,Verified Real,0,435
"Based on viral fake letter, Republic, News 18 claim Jamaat-e-Islami support for CJP","A news bulletin from media outlet Republic on July 21 claimed that Bangladeshi Islamist political party, Jamaat-e-Islami, had openly expressed support for the Cockroach Janta Party (CJP) protest in Delhi’s Jantar Mantar on July 20, further linking it to an alleged “anti-India toolkit”. “Was this a coordinated effort by this anti-India toolkit..?” asks the reporter […]",altnews.in,2026-07-22,False,1,55
"Floods hit Varanasi, PM Modi dials officials to take stock","Floods hit Varanasi, PM Modi dials officials to take stock",indianexpress.com,2026-09-03,Verified Real,0,464
"No, Jhargram vendor who sold jhal muri to PM Modi is not an SPG commando","While campaigning in West Bengal’s Jhargram on April 19, Prime Minister Narendra Modi stopped at a roadside stall to enjoy some ‘jhal muri’, a popular street-food in several parts of India, made with puffed rice and an assortment of seasonings and condiments. The Prime Minister was seen on camera watching the snack being prepared, paying […]",altnews.in,2026-04-24,False,1,142
CAG recommends uniform and fiscally prudent framework for variable pay to IIM directors,CAG recommends uniform and fiscally prudent framework for variable pay to IIM directors,indianexpress.com,2026-09-01,Verified Real,0,445
"""Exciting New Chapter"": ICC Chairman Jay Shah On Women's Champions Trophy","The ICC Chairman Jay Shah said the inaugural ICC Women's Champions Trophy 2027 will mark ""an exciting new chapter for women's cricket"" as the tournament is set to be hosted in India across two venues,...",ndtv.com,2026-09-03,Verified Real,0,287
"Digital platforms complicit in pushing hate-filled Hindutva-pop, finds new CSoH report","A report by the Centre for the Study of Organised Hate (CSoH) published on June 15, 2026, shed light on how digital platforms enable the reach of hate-fuelled music in India, not only allowing it to flourish, despite violating their own content policies, but also profiting from its unchecked dissemination. The specific genre of music […]",altnews.in,2026-06-20,False,1,86
"Two Varanasi boat cases, two legal paths: Same-day bail for five, two months in jail for 14 Muslims","Five men were arrested in Varanasi on June 23 after the Dashashwamedh police took suo motu cognisance of a video purportedly showing them cooking chicken and drinking beer on a small boat on the Ganges. The five were released on bail the same day. Curiously, the FIR mentioned Sections 196 (2) and 299 of the […]",altnews.in,2026-06-30,False,1,78
Footage of Uttam Nagar fish market fire viral as explosion in India-Israel joint defence facility in Delhi,"A 22-second video of a massive fire is being widely shared on social media with claims that it shows a blaze at a joint India–Israel defence facility in Delhi. Users further allege that Indian media is blaming Iran or pro-Iran groups for the incident. An X user, @llliiua_, posted the clip on March 12 with […]",altnews.in,2026-03-14,False,1,183
FLY91 orders 40 ATR planes,The airline will lease another six to eight aircraft before the new aircraft begin arriving. No definite timeline was shared on the induction of 40 aircraft,thehindu.com,2026-09-03,Verified Real,0,308
"CAQM in talks with Punjab, Haryana to improve stubble burning estimation protocol","“While the fire counts reported from satellite passes may not be the most accurate picture of the extent of farm fires, we are in talks with ISRO to have better ‘ground truthing’ protocols,” says Rajesh Varma, CAQM chief",thehindu.com,2026-09-03,Verified Real,0,323
Ahmedabad blast death-row prisoner gets 7 days to move Supreme Court,Ahmedabad blast death-row prisoner gets 7 days to move Supreme Court,indianexpress.com,2026-09-03,Verified Real,0,470
"Killed in cow-vigilante shootout in Rajasthan: 14 days on, Aamir’s family awaits police action","Aamir, a truck driver from Haryana, was shot dead in an alleged confrontation with cow vigilantes linked to the Bajrang Dal in Rajasthan’s Bhiwadi on March 2. Nearly two weeks later, his family says they are still running from pillar to post simply for police to act against those accused of killing him. Aamir, they […]",altnews.in,2026-03-15,False,1,181
5 Elephant Underpasses Among Big Infra Push Near Bengal's Siliguri,Bagdogra Airport will soon have a brand-new passenger terminal.,ndtv.com,2026-09-03,Verified Real,0,256
Chhattisgarh plans complete mineral value chain within state: CM Vishnu Deo Sai,Chhattisgarh plans complete mineral value chain within state: CM Vishnu Deo Sai,indianexpress.com,2026-09-01,Verified Real,0,450
"Pune: Check traffic changes for Janmashtami, Dahi Handi on Friday, Saturday","Pune: Check traffic changes for Janmashtami, Dahi Handi on Friday, Saturday",indianexpress.com,2026-09-03,Verified Real,0,462
"Want Rs 1 Crore By 45? Here's How Much You Need To Invest If You Start At 25, 30 And 35","Becoming a crorepati by 45 may seem like a difficult financial goal, but starting early can make the journey easier.",ndtv.com,2026-09-03,Verified Real,0,285
Manipur Deputy CM Nemcha Kipgen switched off phone after Naga abductions: Deputy CM Losii Dikho,"Naga groups have been demanding the removal of Ms. Kipgen, whose husband heads a Kuki group accused of carrying out attaks; continuing violence in hill districts will make 2027 Assembly polls difficult in Manipur, says Mr. Dikho",thehindu.com,2026-09-03,Verified Real,0,329
Kenya Orders Tata Chemicals To Stop Operations In Country,Tata Chemicals has not yet issued a statement.,ndtv.com,2026-09-03,Verified Real,0,275
Viral Uttam Nagar video: Man hurling abuses and calling for violence against Muslims is a BJP functionary,"As tensions mounted in Delhi’s Uttam Nagar following the death of 26-year-old Tarun Kumar, a video went viral showing a man openly calling for violence against Muslims. An Alt News investigation has now identified the individual as Nayan Marken, a BJP functionary. On social media, he identifies himself as the “youngest national media panellist/spokesperson Ujjwala […]",altnews.in,2026-04-01,False,1,163
Congress vs Congress In Telangana? Why Revanth Reddy Sacked His Minister,Konda Surekha was sacked after her daughter criticised Revanth Reddy.,ndtv.com,2026-09-03,Verified Real,0,264
"Mosques vandalized, Muslim homes burnt down in Meerut? No, Hapur video falsely viral","A 28-second video showing a mob carrying saffron flags vandalising a structure and brutally assaulting a man is viral on social media with communal claims. Users are claiming that the incident took place in Meerut after Uttar Pradesh chief minister Yogi Adityanath allegedly made “blasphemous” comments, following which six mosques were vandalised, 52 Muslim homes […]",altnews.in,2026-05-14,False,1,115
"‘If we’re not here, it will take a second…’: Mamata Banerjee fuels communal fears ahead of polls","West Bengal chief minister Mamata Banerjee, while addressing supporters from her dharna stage against the Special Intensive Revision (SIR) of electoral rolls on March 9, made remarks laced with communal insinuations that amount to fear-mongering ahead of elections. The All India Trinamool Congress launched a protest against the SIR exercise at Esplanade from March 6. […]",altnews.in,2026-03-11,False,1,188
‘Floor-collected noodles turned into bhujia’: FSSAI cracks down on Ajmer firm,‘Floor-collected noodles turned into bhujia’: FSSAI cracks down on Ajmer firm,indianexpress.com,2026-09-03,Verified Real,0,397
CJP’s Ashutosh Ranka: ‘Our political ambition is to change India’s politics’,CJP’s Ashutosh Ranka: ‘Our political ambition is to change India’s politics’,indianexpress.com,2026-09-03,Verified Real,0,404
Must balance ‘economic patriotism’ with cultural heritage: GJC on PM Modi’s call to stop gold purchases,The All India Gem & Jewellery Domestic Council (GJC) argued that the gold jewellery sector contributes nearly 7-8% to the economy and supports millions of livelihoods,thehindu.com,2026-09-03,Verified Real,0,373
West Asia conflict: Old video falsely viral as footage from Tel Aviv after Iranian strike,"As the tension escalates in West Asia, a 20-second video showing large-scale destruction has gone viral on social media, claiming to show actual footage from Tel Aviv. The video shows an area with buildings and parked vehicles destroyed, debris scattered everywhere, and certain areas on fire. A media agency based in Azarbaijan, named ANewZ.TV shared […]",altnews.in,2026-03-16,False,1,180
Bihar education minister Mithilesh Tiwari did not speak against girls’ education,"A video of Bihar education minister Mithilesh Tiwari is going viral on social media, with many users, including opposition party leaders, claiming that he said girls did not need education. Notably, Tiwari assumed charge as Bihar’s education minister on May 9, 2026. A user named Manish RJ shared the viral clip, writing, “Meet Bihar’s new […]",altnews.in,2026-05-13,False,1,116
"ISRO To Launch EOS 5, Its Hawk Eye In Sky - 10 Key Takeaways",ISRO is preparing for a crucial comeback mission.,ndtv.com,2026-09-03,Verified Real,0,270
"TMC worker faking injury? TOI, Republic, ABP falsely share Bihar incident as Bengal","In the aftermath of the BJP’s resounding victory in the West Bengal assembly elections, the state has been engulfed in a spate of post-poll violence. On May 6, BJP leader and chief minister-designate Suvendu Adhikari’s personal assistant was shot dead in Madhyamgram. In this context, a video is being widely shared on social media with […]",altnews.in,2026-05-09,False,1,120
SLBC conducts quarterly performance reviews of banks in Karnataka,SLBC conducts quarterly performance reviews of banks in Karnataka,thehindu.com,2026-09-03,Verified Real,0,337
Watch: Why are Tamil Nadu’s homes sinking? | Focus Tamil Nadu,Why are roads in Tamil Nadu being raised when the government has already ordered that they should not be?,thehindu.com,2026-09-03,Verified Real,0,331
Mumbai cop threatens youth protestors of framing them in fake drug cases; shunted after video goes viral,"After a viral video of a police driver threatening to “plant powder” on detained protesters was met with outrage online, Mumbai Police on July 23 suspended the man and ordered an inquiry. The incident happened amid the Cockroach Janata Party protests demanding the resignation of Union education minister owing to the paper leaks and irregularities […]",altnews.in,2026-07-25,False,1,53
6 Iran Navy Personnel Killed In US Attacks On Tuesday: Report,At least 19 Iranians were killed on Tuesday and Wednesday.,ndtv.com,2026-09-03,Verified Real,0,272
"Leopard breaks into Kufri’s Himalayan Nature Park enclosure, kills aged ‘Sheru’","Leopard breaks into Kufri’s Himalayan Nature Park enclosure, kills aged ‘Sheru’",indianexpress.com,2026-09-03,Verified Real,0,492
"Abhishek Banerjee threatened to kill BJP supporters? No; video clipped, context distorted","A seven-second video is doing rounds on the social media, where TMC MP Abhishek Banerjee allegedly threatens to assault BJP supporters once the Opposition Bloc, INDIA, comes to power. In the viral clip, Banerjee can be heard saying, “Je dinke Mamata Bandyopadhyay aar INDIA Alliance er Sarkar hobey nah, baritey dhukey maarbo”. (The day Mamata […]",altnews.in,2026-06-09,False,1,95
Photo of vandalised Gandhi bust from West Bengal falsely shared as Bangladesh incident,"A photo is viral on social media, showing a decapitated statue of Mahatma Gandhi. Amid the escalating diplomatic tensions between India and Bangladesh, several users have circulated the photo as from Bangladesh. X user Janardan Mishra @janardanspeaks posted the viral photo stating: “Bapu went on a hunger strike to give 55 crore rupees. He demanded […]",altnews.in,2026-01-21,False,1,235
‘Abu Dhabi burning’: 2022 gas cylinder blast video falsely viral amid West Asia conflict,"Amid the ongoing conflict in West Asia, a six-second video clip is circulating on social media. The footage shows an explosion on the top floor of what appears to be a residential building. It is being shared with the claim that it captures the current situation in Abu Dhabi amid the war. An X user, […]",altnews.in,2026-03-08,False,1,195
Aditya Birla Group forays into wires and cables business,"With an investment of ₹1,800 crore, Ultravolt will be the second largest player in the wires segment by capacity, the company said.",thehindu.com,2026-09-03,Verified Real,0,360
‘Mohammed’ Deepak vs Bajrang Dal: Alt News identifies ‘unidentified’ miscreants mentioned in Uttarakhand FIR,"Uttarakhand Police has registered three FIRs in connection with the Republic Day altercation in Kotdwar in Pauri Garhwal district involving Bajrang Dal members and a local individual named Deepak Kumar Kashyap, who stood by an elderly Muslim shopkeeper facing harassment from Right-wing activists. One of the cases, which relates to a demonstration against Kashyap by […]",altnews.in,2026-02-05,False,1,227
Anti-corruption panel searches former Kolkata mayor Firhad Hakim’s 2 firms,Anti-corruption panel searches former Kolkata mayor Firhad Hakim’s 2 firms,indianexpress.com,2026-09-03,Verified Real,0,467
Mass burial of students in Iran: Haunting photos mired in false fact-check muddle,"The US–Israel joint strikes on Iran, which began on February 28, have reportedly taken a heavy civilian toll, including a devastating attack on the Shajareh Tayyebeh school in Minab in southern Iran. Iranian state media reported that at least 168 people — most of them schoolchildren — were killed in the bombing, while nearly 100 […]",altnews.in,2026-03-06,False,1,198
Can Connaught Place Inner Circle Go Vehicle-Free? Civic Body Seeks Feedback,The timings could be crucial for Connaught Place.,ndtv.com,2026-09-03,Verified Real,0,255
"Karnataka rolls back parks amendment bill amid BJP, citizen protests","Karnataka rolls back parks amendment bill amid BJP, citizen protests",indianexpress.com,2026-09-03,Verified Real,0,458
Muttil tree-felling case: Kerala High Court refuses to stay trial court proceedings against accused,"In their discharge petition, the accused argued that no permit was required for transporting the timber sold and that the charges were unsustainable",thehindu.com,2026-09-03,Verified Real,0,314
ZEISS opens first Innovation Hub outside Germany at IIT Madras Research Park,"Chennai centre will explore early-stage technologies in areas such as frugal engineering, robotics and optics",thehindu.com,2026-09-03,Verified Real,0,378
"Uttam Nagar on edge after Tarun Kumar’s death: Claims, counterclaims fuel rising communal tensions","On a narrow lane in Uttam Nagar, what began as a trivial incident on Holi involving a child and a balloon, spiralled within minutes into a violent confrontation that left 26-year-old Tarun Kumar dead on March 4, the victim’s family told Alt News. “There was a little girl, about six or seven years old, holding […]",altnews.in,2026-03-12,False,1,187
Video of Jaishankar requesting US to hand over Cockroach Janata Party founder to India is a deepfake,"A minute-long video is doing rounds on the social media, where Indian Foreign Minister S Jaishankar is heard saying, despite India being a close ally, the US administration is sheltering Cockroach Janta Party(CJP)’s leadership. He is even heard requesting the US to hand CJP leader Abhijeet Dipke to India, as he is in cahoots with […]",altnews.in,2026-06-02,False,1,100
Hindu Raksha Dal chief Pinky Chaudhary refuses food to Muslims at community feast,"In yet another act of open bigotry, Bhupender alias Pinky Chaudhary, chief of Hindu Raksha Dal, has been seen refusing to serve food to Muslims at a community feast at Rajendra Nagar Sector-2 in Sahibabad area of Ghaziabad. In a two-minute video uploaded to Chaudhary’s Facebook page, he is seen snatching a plate away from […]",altnews.in,2026-05-11,False,1,119
Operation Sindoor: Did Rajnath Singh claim no soldiers were killed?,"Soon after the Union government on June 26 officially disclosed the names of the six armed forces personnel killed during Operation Sindoor last year, Opposition leaders demanded Union defence minister Rajnath Singh’s resignation alleging that Singh had “lied to” Parliament and the general public in his 2025 speech, by claiming that no soldiers had been […]",altnews.in,2026-07-13,False,1,66
"HDB region emerging as technology and advanced manufacturing hub, says KDEM CEO","The sixth edition of two-day HDB (Hubballi-Dharwad-Belagavi) Techceleration 2026, organised under the Karnataka Government’s Beyond Bengaluru Mission which began in Hubballi on Thursday, brought together over than 700 delegates, 100 startups and 25 investors.",thehindu.com,2026-09-03,Verified Real,0,313
Vijay’s ‘Tamil in courts’ move gets assembly clearance. Over to Centre,Vijay’s ‘Tamil in courts’ move gets assembly clearance. Over to Centre,indianexpress.com,2026-09-03,Verified Real,0,487
Nagpur factory blast killed 20 on March 1: How did five leading English news channels respond?,"On March 1, 2026, a massive blast at an industrial explosives factory owned by SBL Energy Limited in Maharashtra’s Nagpur district left at least 20 people dead and 23 injured, most of them women workers. Police have arrested 11 individuals, including senior officials and supervisory staff of the company, while the factory’s owner, Alok Chaudhari, […]",altnews.in,2026-03-23,False,1,173
"Baton-with-nails videos indeed from July 20 protests. Delhi Police, PIB’s ‘fact check’ incorrect","After participants from the July 20 march in Delhi put up videos on social media saying that police were carrying batons with nails fixed on them during the crackdown on protesters, Delhi police called the claims misleading and false. Two videos surfaced on social media showing such batons and protesters confronting police officers about their […]",altnews.in,2026-07-21,False,1,58
BJP leader Agnimitra Paul shares AI video claiming TMC’s Bratya Basu caught on camera taking bribe,"A day before the second phase of West Bengal elections, BJP leader and the party’s Asansol South candidate Agnimitra Paul shared a video purportedly showing Trinamool Congress leader and incumbent education minister Bratya Basu accepting a bribe. (Archive) Allegations are emerging against West Bengal’s Education Minister, Bratya Basu, with claims that bribes are being taken […]",altnews.in,2026-04-28,False,1,134
Chittoor cyber cell recovers ₹2.22 lakh lost in cyber crime within two days,Chittoor cyber cell recovers ₹2.22 lakh lost in cyber crime within two days,thehindu.com,2026-09-03,Verified Real,0,324
"Policeman caught accepting ₹20,000 bribe; another constable escapes","Policeman caught accepting ₹20,000 bribe; another constable escapes",thehindu.com,2026-09-03,Verified Real,0,305
Mathura ‘accident’ kills Farsa Baba: False narratives and provocations persist despite police clarification,"In the early hours of March 21, Chandrashekhar Das, also known as Farsa Baba, a self-styled gau rakshak, was killed after being run over by a truck on the Agra–Delhi highway in Mathura. He had reportedly intercepted a container on suspicion of cattle smuggling, but the vehicle was found to be carrying grocery items. Moments […]",altnews.in,2026-03-25,False,1,170
"Tracked, doxxed, put on TV trial: How women CJP protesters were hunted down by the Right wing & ‘star’ anchors","As the CJP protests gathered momentum, a parallel campaign began online against some of the women who participated in them. Accounts targeting the protesters circulated their videos, hurled abuse at them and published screenshots containing sensitive personal information, turning online trolling into outright doxxing. Many of those targeted had either spoken to the media during […]",altnews.in,2026-08-11,False,1,30
Jaishankar allays Sanjay Jha’s concerns about Farakka water sharing treaty,Jaishankar allays Sanjay Jha’s concerns about Farakka water sharing treaty,indianexpress.com,2026-09-02,Verified Real,0,424
RTI reveals at least 10 pellet victims treated in Delhi govt hospitals on July 20,"On July 20, at least 10 people received medical treatment for injuries caused by pellets, shots or projectiles during police action against protesters marching from Jantar Mantar towards Parliament in Delhi, responses to a Right to Information (RTI) application have revealed. The RTI application was filed by Saket Gokhale, a Trinamool Congress (TMC) leader and […]",altnews.in,2026-08-13,False,1,28
"Direct Uttarakhand CM to register FIR against those behind ‘purification’ of Haldwani rally site, Kharge writes to Nadda","The act amounts to the practice of untouchability, Congress chief says, adding that he will approach Rajya Sabha Chairman over the issue; ‘Even after 24 days of this incident, not even an FIR has been filed against the organisations and individuals involved in this heinous act,’ the Congress leader says",thehindu.com,2026-09-03,Verified Real,0,302
Supreme Court asks lawyers to move Delhi HC for probe into attack on peaceful protest in BCI premises,"A Bench headed by Chief Justice of India Surya Kant asked the counsel representing petitioners Kunal Yadav and others, to approach the High Court with their plea that they were physically assaulted, dragged, abused and forcibly thrown out of the BCI office",thehindu.com,2026-09-03,Verified Real,0,307
AICTE Seeks Government Colleges' Infrastructure Details For NTA's Exam Centres,NTA seeks wider network of testing centres as exams move to computer based mode.,ndtv.com,2026-09-03,Verified Real,0,257
"They said Muslims can’t sit here, tore our clothes, beat us: Survivor recalls Pune Iftar attack; no arrests yet","Trigger Warning: Graphic Images of Injury A week after an FIR was registered at Saswad police station in Pune district of Maharashtra in connection with the alleged mob assault on 14 Muslim men during an Iftar gathering by a large mob, no arrests have been made. Saswad SHO Kumar Kadam told Alt News on March […]",altnews.in,2026-03-21,False,1,174
Cow vigilantes from Bajrang Dal assault ‘mentally challenged’ homeless man in Rajasthan on suspicion of eating beef,"Trigger Warning: Disturbing Details Self-proclaimed cow vigilantes on January 1 brutally assaulted a middle-aged man in Kishanpura village in Aklera tehsil of Jhalawar district in Rajasthan, accusing him of killing a cow and eating beef in public. Three persons have been arrested in the case. Police told Alt News that the victim was mentally challenged. […]",altnews.in,2026-01-07,False,1,245
Prajaseva activities to be launched in Belagavi,Prajaseva activities to be launched in Belagavi,thehindu.com,2026-09-03,Verified Real,0,358
"IOCL chairman laments limited investment in energy innovations, commits to fund start-ups in hydrogen,mobility space",Indian Oil Corporation has associated with incubation centre at CIST-NCL to fund and support start-ups working in the area of hydrogen and mobility,thehindu.com,2026-09-03,Verified Real,0,362
CCPA imposes Rs 10 lakh penalty for online sale of explosives,CCPA imposes Rs 10 lakh penalty for online sale of explosives,indianexpress.com,2026-09-02,Verified Real,0,428
"Times Now, ABP, Zee, Republic misreport 2020 Beirut video as Iranian missile strike in Dubai","A 25-second video is going viral on social media showing a woman livestreaming when she is suddenly interrupted by the sound of a loud explosion. Moments later, a blast wave appears to hit her room, toppling both her and her recording device. The screen then goes completely blank. The video was posted on X by […]",altnews.in,2026-03-11,False,1,189
"5 Dead In UP As Heavy Rain Batters Several States, Flood Alert In Bengal",Barabanki is among 23 districts in the state affected by floods.,ndtv.com,2026-09-03,Verified Real,0,268
Muslim Personal Law Board’s Shariat campaign draws Pasmanda pushback – ‘Could polarise voters’,Muslim Personal Law Board’s Shariat campaign draws Pasmanda pushback – ‘Could polarise voters’,indianexpress.com,2026-09-03,Verified Real,0,409
"Capital Chroniclers: The story of Mahatta, one of Delhi’s oldest surviving studios","Capital Chroniclers: The story of Mahatta, one of Delhi’s oldest surviving studios",indianexpress.com,2026-09-03,Verified Real,0,496
"Police bid to close probe rejected, Chennai granite businessman arrested in POCSO case","Police bid to close probe rejected, Chennai granite businessman arrested in POCSO case",indianexpress.com,2026-09-01,Verified Real,0,443
Himanta defends ‘shooting’ video point blank; says it will be re-uploaded with ‘Bangladeshi’ tag,"With less than a month to go for the Assam assembly elections, chief minister Himanta Biswa Sarma has reiterated his stance on “Miya Muslims” while defending the Assam BJP’s February 7 post on X in two back-to-back interviews. The post featured a controversial video showing Sarma appearing to “shoot point blank” at AI-generated images of […]",altnews.in,2026-03-19,False,1,176
"Delhi DCP resigned to support students’ protest? No, viral video is a deepfake","A 44 second long video is doing the rounds on social media, where Delhi Police deputy commissioner Sumit Jha is seen declaring that he is resigning from his position in solidarity with the protesting students. The video was uploaded on You Tube by an user named Arya Yadav on July 28, and has garnered over […]",altnews.in,2026-07-29,False,1,44
From self-identification to state control: Trans voices raise alarm over new law,"The Transgender Persons (Protection of Rights) Amendment Bill, 2026, was passed in the Lok Sabha on March 24 and in the Rajya Sabha on March 25. Five days later, on March 30, President Droupadi Murmu signed the bill, turning it into a law. This bill was passed despite much pushback from the Opposition in Parliament […]",altnews.in,2026-04-08,False,1,155
British Teacher Accused Of Sex With 16-Year-Old Student Faces Trial,"The student reportedly told the court that he initially believed the relationship was ""good"" but later came to believe that he had been groomed.",ndtv.com,2026-09-03,Verified Real,0,295
Hardoi victim’s hospital-bed statement falsely linked to Rajasthan ‘gangrape’ case,"Trigger Warning: Mentions of sexual violence Two distressing videos showing a minor girl in a hospital bed are being widely shared on social media. In one clip, the girl appears to be in a delirious state and says, “They will all get caught. The cops and the perpetrators will all be caught after I die.” […]",altnews.in,2026-07-10,False,1,70
Police thrashing TMC workers in Bengal? 2023 video falsely viral on polling day,"A video is going viral in the context of the West Bengal assembly election. In the clip, two men can be spotted sitting under a large Trinamool Congress (TMC) banner, flanked by party flags. A group of police officers surrounds these two men. One officer begins slapping them viciously, then proceeds to beat them with […]",altnews.in,2026-04-24,False,1,140
‘No excuses left for textiles sector’: Commerce Minister Goyal on India’s new tariff advantages,Commerce Minister Piyush Goyal explained that India now stands equal to or stronger than competitors like Bangladesh and Vietnam in terms of the tariffs imposed on their textile exports.,thehindu.com,2026-09-03,Verified Real,0,368
"Six government medical colleges in Gujarat: Kanimozhi’s claim correct, AI ‘fact check’ shared by BJP false","A regional women’s conference organized by the DMK on January 26 at Sengipatti in the district of Thanjavur in Tamil Nadu has been in the centre of a controversy after DMK deputy general secretary Kanimozhi Karunanidhi, in her speech, claimed that there are only six government medical colleges in the state of Gujarat. Tamil Nadu of […]",altnews.in,2026-01-30,False,1,232
"In dismissing pellet injuries as ‘limited damage’, ‘Chauhaan’ loses sight of Kashmir’s grim, brutal reality","Around 8 pm on July 11, 2016, three days after the killing of Burhan Wani, 14-year-old Insha Mushtaq Lone looked out of a ground-floor window of her house in Sedow village in Shopian district of south Kashmir to watch a protest that had broken out in her neighbourhood. Within moments, a searing pain ripped through […]",altnews.in,2026-07-01,False,1,76
"‘Are you a Muslim?’: Theatre activist beaten in Bengal after he replied, ‘What if I am? Isn’t this country also for Muslims?’","A theatre activist was allegedly assaulted near Shyamnagar railway station in North 24 parganas district of West Bengal, about 35 km from Kolkata, after a group of men targeted him because they believed he was Muslim based on his black kurta and pyjamas. The victim, Subhankar Dassharma, says he was returning to his home at […]",altnews.in,2026-08-06,False,1,33
Eggs off the plate? The science behind the mid-day meal debate,"Days after the West Bengal government announced that ISKCON (International Society for Krishna Consciousness) would take over the mid-day meal programme in schools in Kolkata, the organisation’s former vice-president and spokesperson Radharamn Das expressed his gratitude to the newly-elected BJP government and announced that paneer, rajma, soya, pulses and other vegetarian foods would be served […]",altnews.in,2026-07-01,False,1,75
"Rs 290-crore bank fraud: ED searches 11 locations in Bengal, Jharkhand","Rs 290-crore bank fraud: ED searches 11 locations in Bengal, Jharkhand",indianexpress.com,2026-09-03,Verified Real,0,480
"No, PM Modi was not walking around as national anthem played; viral video doctored","A video of Prime Minister Narendra Modi moving around a stage greeting people while the national anthem plays in the background is viral on social media, with users claiming that the Prime Minister was being disrespectful to the anthem. An user on Facebook, Kumar Raj, shared the purported video on August 15, Independence Day, with […]",altnews.in,2026-08-17,False,1,21
"Bengal minister Arjun Singh hoisted BJP flag on Independence day? No, old & clipped video falsely viral","A video is viral on social media, showing West Bengal labour and transport minister Arjun Singh hoisting the BJP flag to the chants of Vande Mataram. It is being claimed that on Independence Day, the BJP minister unfurled his party’s flag, instead of the Indian tricolour. The clip carries a Hindi text, which, when translated […]",altnews.in,2026-08-17,False,1,22
"Ambulance Abandoned, Kerala Villagers Carry Patients Through Forests",The ambulance was the lifeline to Kerala's first and only exclusively tribal Gram Panchayat.,ndtv.com,2026-09-03,Verified Real,0,260
"Bus stuck at narrowing of lanes on Mumbai flyover? No, photo shared by Kerala Congress is AI-generated","A photo is viral on social media, showing a bus stuck at the narrow mouth of a lane bifurcation on a bridge. The bridge seen in the photo is of a newly constructed flyover in Mumbai, which connects Mira Bhayandar Road to Golden Nest Circle. The unusual structural design of the flyover — four lanes […]",altnews.in,2026-02-09,False,1,224
How CBSE turned school principals into its social media PR wing,"As Class XII board examinees took to social media to raise concerns about alleged marking discrepancies in the CBSE’s newly introduced On-Screen Marking (OSM) system, a parallel trend emerged online: principals of CBSE-affiliated schools began posting strikingly similar videos and parroting similar lines while defending the evaluation mechanism and urging students to “trust the system.” […]",altnews.in,2026-06-01,False,1,101
Hanuman Ansh To Release Globally After Minting Rs 61 Crore In India,"After the fourth week, the film's net collection in India stands at Rs 61 crore.",ndtv.com,2026-09-03,Verified Real,0,296
Odisha’s new 160-km Coastal Highway to cut Rameshwar-Paradeep travel time by 2.5 hours,Odisha’s new 160-km Coastal Highway to cut Rameshwar-Paradeep travel time by 2.5 hours,indianexpress.com,2026-09-01,Verified Real,0,456
1967 photo of Australian go-go dancers falsely shared to attack Sonia Gandhi,"A post by an X user named Sonali (@Sonalimumbai1), who describes herself as a BJP leader and is followed by Prime Minister Narendra Modi on the platform, went viral last week. The post carries a somewhat blurred black and white image of a group of women dancing atop a table in what seems to be […]",altnews.in,2026-08-19,False,1,17
"2 Kuki-Zo MLAs attend Manipur House session, first since ethnic conflict began","2 Kuki-Zo MLAs attend Manipur House session, first since ethnic conflict began",indianexpress.com,2026-09-02,Verified Real,0,431
‘Bail in 15 hours’: Pune Porsche crash victim’s parents seek change in juvenile law,‘Bail in 15 hours’: Pune Porsche crash victim’s parents seek change in juvenile law,indianexpress.com,2026-09-03,Verified Real,0,463
"Eyes wide shut: On July 20, ANI didn’t share a single X post on students injured in Delhi","For decades, Asian News International (ANI) has occupied a near-monopoly in India’s television news ecosystem. With a business reportedly worth hundreds of crores, the agency supplies video footage and sound bites to news channels across the country and abroad. Its reporters are seemingly everywhere, often making ANI the only visual source for breaking news. Yet […]",altnews.in,2026-07-28,False,1,46
NDA party leader moving around in car with forged diplomatic number plate arrested; news reports skip political link,"On January 23, the news agency ANI shared an X post about a woman who was arrested in Delhi for moving around in a car fitted with a forged number plate of a foreign embassy. The arrest was made by a team of the anti-extortion & kidnapping cell (AEKC) of Delhi Crime Branch, which had […]",altnews.in,2026-02-07,False,1,226
‘Bharpet kha lena hi jeevan nahi hai’: Mohammad Irfan asks India to listen,"Rajat Pandey, a journalist with The Lallantop, had arrived at Delhi’s Jantar Mantar on July 20 to cover the Cockroach Janata Party (CJP) protest when a young man in a blue T-shirt stepped in front of his camera. He was neither a student leader nor a representative of the organisers. He was Mohammad Irfan, a […]",altnews.in,2026-08-18,False,1,20
"A Christmas stained with hate: From Kerala to Assam, Hindutva hooligans ruin celebrations","While Prime Minister Narendra Modi wished the country ‘hope, warmth and commitment to kindness’ on Christmas and posed a video of himself taking part in a church service on December 25, reports poured in from all over the country of Christmas celebrations being disrupted by people associated with Hindutva outfits. They raided churches, vandalised Christmas […]",altnews.in,2025-12-31,False,1,250
"Bloodstains on Pashmina: Kashmiri shawl sellers heckled, assaulted across states over faith, identity","For decades, winter announced itself at the doorsteps of people in the Indian plains with the arrival of Kashmiri shawl sellers — walking, cycling, or ferrying through the streets with shoulders bent under sacks of finely crafted shawls. They were never just salesmen. They carried with them a whiff of Kashmir itself — pashmina from […]",altnews.in,2026-02-20,False,1,211
The Traitors India Season 2: Krystle D'Souza And Rida Tharana Win The Show,"In The Traitors, the best way to survive isn't to make sure nobody suspects you. It's making sure that when they do, someone else becomes the bigger target",ndtv.com,2026-09-03,Verified Real,0,284
From rally to rampage: How provocation and communal targeting plunged Jangipur into violence on Ram Navami,"By the time the dust settled after the Ram Navami fervour on March 27, Fultala in Raghunathganj police station area in Murshidabad’s Jangipur bore the marks of a targeted rampage. Muslim-owned shops lay vandalised, looted and torched; shopkeepers had been assaulted in the open. What began as one of many Ram Navami rallies across the […]",altnews.in,2026-04-28,False,1,135
Sale of onions at ₹35 per kg via fair price shops launched in Tamil Nadu,Sale of onions at ₹35 per kg via fair price shops launched in Tamil Nadu,thehindu.com,2026-09-03,Verified Real,0,312
"Women’s quota or delimitation? Media misrepresents facts, Modi misleads nation","A day after a Constitution amendment bill seeking to redistribute Lok Sabha seats on the basis of the 2011 Census was stalled in Parliament, Prime Minister Narendra Modi, in an emotional address through Mann Ki Baat, accused the Opposition of blocking women’s empowerment. However, parliamentary records and the legislative history of the issue show that […]",altnews.in,2026-04-20,False,1,145
"Take alternative steps to ensure not one acre dries up in A.P., officials told amid El Nino woes","Chief Minister directs Ministers, elected representatives and officials to visit fields and advise farmers on suitable crop alternatives; says govt. will keep ready 90,000 kg of seeds of less-water-intensive crops for distribution, ₹90 crore will be spent on seed subsidy",thehindu.com,2026-09-03,Verified Real,0,339
"Aravalli row: Influencers approached by agencies to create pro-govt content, ‘threatened’ on refusal","Amid the controversy over the Supreme Court first accepting the Union government’s 100-metre elevation formula for a uniform definition of the Aravalli Hills and then staying its earlier decision, multiple social media influencers have come forward reporting that they had been approached by agencies for paid collaborations to create content that favoured the Supreme Court’s […]",altnews.in,2026-01-15,False,1,241
Assault on Bangladeshi Muslim woman falsely communalised on social media,"A 27-second long video has gone viral on social media over the past week. The clip shows a mob, predominantly comprising men, kicking and attacking a woman in the middle of a busy street, while police personnel in the vicinity do little to nothing to prevent the attack. The X user, Vikas Pokhariyal (@vikasindiafirst), posted […]",altnews.in,2026-09-02,False,1,3
Yati Narsinghanand’s aide Anil Yadav calls for ‘annihilation’ of Muslims at Mahapanchayat,"At the ‘Hindu Mahapanchayat’ organised by Yati Narsinghanand Saraswati, the 62-year-old head priest of the Dasna Devi temple in Ghaziabad, Uttar Pradesh, his right-hand man Anil Yadav, also known as ‘Chote Narsinghanand’, openly called for the “annihilation” of the Muslim community, suggesting that to bring an end to Islam, a ‘sanghar’ (translating to annihilation) needs […]",altnews.in,2026-07-01,False,1,74
"‘Puncture repairers’; brought in from Jafrabad, Saharanpur: Ramesh Bidhuri’s communal dog whistles against Jantar Mantar protesters","“There were mostly ‘puncture repairers’ and ‘locksmiths’ at the Jantar Mantar protest.” As the BJP continues to portray the Cockroach Janta Party-led student movement through a communal lens, former BJP MP and RSS member Ramesh Bidhuri described participants of the Jantar Mantar protest as “puncture repairers” and “locksmiths” while addressing the BJP’s ‘Gen-Z Summit’ in […]",altnews.in,2026-08-05,False,1,34
"PCB Chief Breaks Silence On Brutal Decision Amid Eng Tour, Sends Big Message",Pakistan Cricket Board (PCB) chairman Mohsin Naqvi has lashed out at critics of the board's decision to sack seven players and two coaching staff members of the Pakistan cricket team during their...,ndtv.com,2026-09-03,Verified Real,0,290
"Clash in Murshidabad? Old video from Varanasi given communal spin, falsely linked to Bengal polls","A video, around 21 seconds in length, is viral on social media, purporting to show a group of Hindu men thrash a Muslim man named Nazrul Islam in West Bengal’s Murshidabad. Watch it here: [Trigger Warning: Footage Contains Use of Expletives] https://vimeo.com/1181847406?share=copy&fl=sv&fe=ci Murshidabad, which is a Muslim-majority district, has been in the news recently for […]",altnews.in,2026-04-10,False,1,153
PE and portfolio firms’ IPO frenzy | Explained,"PE funds look for maximum valuation, portfolio companies want long-term investor confidence, and public shareholders seek future growth",thehindu.com,2026-09-03,Verified Real,0,387
Delhi Police records confirm what was already evident: Pellet guns were used on protestors on July 20,"A General Diary (GD) registered at Parliament Street police station in New Delhi showing that anti-riot guns were used during the July 20 protests at Jantar Mantar has confirmed what media reports, medico-legal records, visual evidence and victim testimonies had already made abundantly clear. GD number 0008A registered on July 22 at 1:24 am, which […]",altnews.in,2026-07-30,False,1,41
Documenting the war or fabricating it? AI-generated visuals on social media blur the line as Iran conflict escalates,"Amid the escalating conflict in West Asia, social media has been flooded with unverified images and videos claiming to show scenes from the war. Many of these visuals went into news reports by prominent media outlets. On February 28, the United States and Israel launched a joint assault on Iran, targeting key military installations. The […]",altnews.in,2026-03-09,False,1,192
Alt News Impact: YouTube removes hateful music video glorifying anti-Muslim violence,"Three days after Alt News had written to YouTube flagging a hateful music video called ‘Hindu’ posted by the channel ‘Rohit Rai’, the platform has taken down the video for violating its community guidelines. The video glorified violence against Muslims as a means to ‘protect’ Sanatan Dharma. It was shared on January 8. Responding to […]",altnews.in,2026-01-16,False,1,238
Parks bill not withdrawn completely: Parameshwara,Parks bill not withdrawn completely: Parameshwara,thehindu.com,2026-09-03,Verified Real,0,334
BJP slams Rahul for ‘spreading falsehood’ on economy: ‘Has taken contract to weaken people’s morale’,BJP slams Rahul for ‘spreading falsehood’ on economy: ‘Has taken contract to weaken people’s morale’,indianexpress.com,2026-09-01,Verified Real,0,449
"BHU Veterinary Admission 2026: Applications Open; Check Dates, Steps To Apply",Admission to BHU's veterinary science course will be based on NEET UG 2026 scores.,ndtv.com,2026-09-03,Verified Real,0,261
"Day 1 of regime change in Bengal: Bulldozer in New Market, biriyani shop told to shift, Muslim names erased","Within a day of the Bharatiya Janata Party winning the assembly elections in West Bengal on May 4, several instances of majoritarian muscle flexing and communal intimidation were reported from various corners of the state. Case 1 & 2: North 24 Parganas Several youths scaled a decorative gateway arch of Masjid Bari Road in Barasat’s […]",altnews.in,2026-05-06,False,1,124
Footage from Philadelphia plane crash site falsely viral as ‘confirmed’ visuals from Tel Aviv,"With tensions continuing to escalate in West Asia, an X handle named GPX (@GPX_Press) shared a video on March 8, 2026, showing a road littered with debris and what appear to be fragments of metal and other materials. Parked vehicles along the street appear damaged, while fires burn in the background amid heavy smoke. GPX […]",altnews.in,2026-03-09,False,1,194
Viral video does not show Pune Fort case accused Siya Goyal dancing,"A 36-second-long video of two women dancing has gone viral on social media with users claiming that it features Siya Goyal, one of the accused in the alleged murder of 26-year-old Ketan Agarwal in Pune’s Lohagad Fort. On June 23, Pune rural police arrested Siya Goyal (20) and Chetan Chaudhary (22) for allegedly murdering Goyal’s […]",altnews.in,2026-06-30,False,1,77
From Vadnagar to Varanasi & back: Gujarat BJP plans bike rallies for Modi’s 25 yrs in public office,From Vadnagar to Varanasi & back: Gujarat BJP plans bike rallies for Modi’s 25 yrs in public office,indianexpress.com,2026-09-03,Verified Real,0,493
Narrative Warfare: How an Inauthentic Disinformation Network Targeted India’s Rare Earth Outreach in Myanmar,"Originally published as a three-part series, this version compiles the full investigation. On November 18, the website Tech Bullion ran a strange piece. Sandwiched between CEO profiles, marketing how-tos and product reviews, the “exclusive investigation” claimed that India was conspiring with the Kachin Independence Army in northern Myanmar to develop a corridor for transporting rare […]",altnews.in,2026-05-28,False,1,102
Rare earths and rebel armies: How a conspiracy story with no evidence jumped from fringe sites to newsrooms,"This is the second part of a three-part investigation. In Part One, we traced how a fabricated “exclusive investigation” alleging a secret India-Kachin Independence Army rare earths conspiracy first appeared on Tech Bullion on November 18, 2025, and spread to four more pay-to-publish websites within eight days. The sites were linked to Pakistan- and Nepal-based […]",altnews.in,2026-05-22,False,1,107
"Many layers: On onion produce, issues",Farmers need more storage facilities and better distribution networks,thehindu.com,2026-09-03,Verified Real,0,391
"Gloria Steinem, Feminist Icon And Co-Founder Of Ms Magazine, Dies At 92",Gloria Steinem was a hugely recognisable presence wherever she went.,ndtv.com,2026-09-03,Verified Real,0,273
Hotel Shadab in Hyderabad’s Madina circle sealed after food safety violations,Hotel Shadab in Hyderabad’s Madina circle sealed after food safety violations,thehindu.com,2026-09-03,Verified Real,0,348
"Galgotias fiasco: Misinformation can’t be encouraged, says govt after big-ticket AI summit goes to the dogs","The international AI Impact Summit 2026 currently underway in Delhi was rocked by a major controversy on February 17 and 18 after a China-made robotic dog was displayed at the Galgotias University (GU) pavilion at Bharat Mandapam as its own creation, under the name ‘Orion’ (Operational Robotic Intelligence Node). As soon as a video went […]",altnews.in,2026-02-19,False,1,213
Did Amit Shah say JAAC would help India retrieve PoK? Viral video manipulated,"A video clip displaying Union home minister Amit Shah stating that the Joint Awami Action Committee (JAAC) would assist India in retrieving Pakistan-occupied Kashmir (PoK) is being widely circulated on social media platforms. Founded in 2023, the JAAC is reportedly a grassroots coalition and socio-political organisation of civil-society members in PoK. In the video, Shah […]",altnews.in,2026-06-16,False,1,89
"School Assembly News Headlines (September 4): Top National, International, Sports News",School Assembly News Headlines (September 4),ndtv.com,2026-09-03,Verified Real,0,259
"Beef over a steak: Olypub row escalates with waiter’s arrest, counter complaint against Kolkata influencer","Olypub, one of Kolkata’s most iconic food destinations, is in the news for all the wrong reasons, thanks to a Bengali actor-influencer who went the ‘Right’ way. Sayak Chakraborty, a social media influencer and television actor, alleged on Friday, January 30, that he had been served beef steak instead of a mutton dish at the […]",altnews.in,2026-02-02,False,1,229
T20 World Cup revelry video from Prayagraj shared as celebration of BJP win in Bengal,"A 17-second video clip showing an enormous, visibly enthusiastic crowd waving Indian flags along with saffron flags, accompanied by a Hindutva-themed pop song in the background, is widely circulated on social media. It is claimed that the footage captures public celebrations in West Bengal, allegedly after the fall of Mamata Banerjee’s government. NDTV senior executive […]",altnews.in,2026-05-06,False,1,123
Mexico World Cup celebration video falsely linked to Delhi CJP protest,"A 17-second-long video is viral on social media platforms, showing a woman wearing a head mask, dancing and grooving while sitting on the shoulder of a man amidst a huge crowd. The crowd is also dancing to loud music. In the clip, a man removes her mask from behind, and the men around her appear […]",altnews.in,2026-07-27,False,1,47
Student complains of being forced to attend Modi event in 29° heat; Instagram vlog gets withheld in India,"A short Instagram video by a college student from Greater Noida — sardonic, unremarkable in production and filmed in a crowd — was withheld in India on March 30, 2026. The student had not leaked state secrets. She had not incited violence. She had complained about biscuits, traffic, and being made to attend a government […]",altnews.in,2026-04-05,False,1,158
Police arrest influencer Santosh Pandit over remarks against minister Chandrakant Patil,Police arrest influencer Santosh Pandit over remarks against minister Chandrakant Patil,indianexpress.com,2026-09-03,Verified Real,0,457
S. Vincent chosen for AATSEA Award for Education and Research,"In his present capacity, he steered the TNSCST towards promotion of intellectual property rights and patent filing in the State",thehindu.com,2026-09-03,Verified Real,0,341
Fake ICC ‘media release’ announcing ban on Pakistan viral across social media platforms,"Amid the controversy over Bangladesh pulling out of the ICC Men’s T20 Cricket World Cup and Pakistan refusing to play against India, a supposed media release by the International Cricket Council (ICC) has gone viral on social media. It states that ICC has banned Pakistan cricket for a year. The document states that it was […]",altnews.in,2026-02-07,False,1,225
Ex-envoy to Bangladesh Pinak Ranjan Chakravarty is guest at Explained.Live today,Ex-envoy to Bangladesh Pinak Ranjan Chakravarty is guest at Explained.Live today,indianexpress.com,2026-09-01,Verified Real,0,440
BJP leaders booked over unauthorised protest in Kalaburagi,BJP leaders booked over unauthorised protest in Kalaburagi,thehindu.com,2026-09-03,Verified Real,0,349
PCB Chief Makes Stunning India Claim While Defending Pak's Test Horror Show,Pakistan Cricket Board (PCB) chief Mohsin Naqvi pointed at India's shock defeat against Ireland to defend Pakistan cricket amid the ongoing criticism.,ndtv.com,2026-09-03,Verified Real,0,281
"Delhi Sees Above-Normal Temperature, Rain Likely Over Next 2 Days",The minimum temperature was 27 degrees Celsius.,ndtv.com,2026-09-03,Verified Real,0,277
‘Scandalised us’: Bombay HC’s contempt notice against law secretary over outburst,‘Scandalised us’: Bombay HC’s contempt notice against law secretary over outburst,indianexpress.com,2026-09-03,Verified Real,0,483
"Inside the Azim Premji University flare-up: Vandalism, ABVP–AISA face-off, FIRs against students","Azim Premji University (APU), Bengaluru, has reacted to the violence and vandalism allegedly carried out by the Akhil Bhartiya Vidyarthi Parishad (ABVP) on its campus on February 24 in protest against the observance of Kunan Poshpora Remembrance Day by lodging police complaints against students who had organized the programme. The event was convened by Spark […]",altnews.in,2026-03-02,False,1,206
The hidden complexities of daily life,"From stories about Indian cricket to undersea cables that bring us the internet, a collection of essays uncovers the hidden systems and unseen connections that shape our interconnected lives",business-standard.com,2026-09-03,Verified Real,0,499
Pakistan-flagged oil tanker destroyed in Hormuz? Unrelated video falsely shared,"Amid the escalating conflict in West Asia, a video showing a vessel engulfed in flames and billowing smoke is being widely shared across social media platforms with claims that Iranian missiles struck and destroyed Pakistan-flagged oil tankers while they were transiting the Strait of Hormuz. Pro-BJP X handle Jaipur Dialogues (@JaipurDialogues), which is run by […]",altnews.in,2026-03-31,False,1,164
"Parliamentary panel flags ‘punitive’ tax regime, seeks data on new Income Tax Act’s Impact","Parliamentary Standing Committee members question heavy-handed enforcement, compliance glitches and widening reliance on individual taxpayers",thehindu.com,2026-09-03,Verified Real,0,304
"To counter protest against J&K government, Omar Abdullah’s party has a plan – gherao BJP offices","To counter protest against J&K government, Omar Abdullah’s party has a plan – gherao BJP offices",indianexpress.com,2026-09-01,Verified Real,0,444
"Himanta’s communal tirade against Miya Muslims: Police complaint filed, defiant Assam CM cites SC ruling","Days after Assam chief minister Himanta Biswa Sarma’s vicious communal tirade targeting “Miya Muslims” sparked an outrage across the country, a police complaint was filed by activist Harsh Mander against the BJP leader at Hauz Khas police station in Delhi. Sarma, on the other hand, tried to defend his hateful remarks stating that he was […]",altnews.in,2026-02-02,False,1,230
No communal angle in murder of four of Hindu family in Bangladesh; social media claims false,"In the aftermath of the killing of four members of a family on August 22, 2026, in Bangladesh, social media has been abuzz with claims framing the incident along communal lines. A Bangladesh-based X account, Bangladeshi Hindus Community (@Hindubd49346), shared a post on August 23, claiming that six Muslim men brutally killed a Hindu Family […]",altnews.in,2026-08-28,False,1,9
"Mamitha Baiju's Malayalam Hit Bethlehem Kudumba Unit Gets Tamil, Telugu Release","Following its theatrical run, Bethlehem Kudumba Unit is reportedly set to make its digital debut on JioHotstar",ndtv.com,2026-09-03,Verified Real,0,283
"India News Highlights, 3 September 2026| TMC MPs get time till September 22 to respond to defection petition","India News Highlights, 3 September 2026| TMC MPs get time till September 22 to respond to defection petition",indianexpress.com,2026-09-03,Verified Real,0,410
Consultations ongoing for introducing tenders for offshore wind in Tamil Nadu: Official,"Rajesh Kulhari, Joint Secretary at the Union Renewable Ministry added that the NIWE had completed all the feasibility studies for the same.",thehindu.com,2026-09-03,Verified Real,0,389
Video of security movement in Manipur shared as CRPF entering Bengal to ‘protect Hindus’,"A video of a convoy of vehicles carrying security personnel is viral with the claim that the visuals are from West Bengal in the run-up to the assembly elections. Several Right-wing influencers have shared the purported visuals, saying that such forces were deployed to protect the Hindus of the state. Sharing then video, pro-BJP influencer […]",altnews.in,2026-04-17,False,1,148
"France's Carrefour returns to India, open to acquisitions for growth","As Carrefour plans to expand in India, Patrick Lasfargues, executive director - international partnership, Nilesh Ved, chairman of APPCORP Holding, owner of Apparel Grp. spoke on its India market plan",business-standard.com,2026-09-03,Verified Real,0,498
"Monsoon Session of Himachal Pradesh Assembly: Amid opposition, House passes Universities (Amendment) Bill","Monsoon Session of Himachal Pradesh Assembly: Amid opposition, House passes Universities (Amendment) Bill",indianexpress.com,2026-09-03,Verified Real,0,472
Fact check: Viral post falsely claims all accused in Delhi ISI spy network case are Muslims,"A list naming seven individuals arrested in connection with an alleged Delhi-based spy network linked to Pakistan’s Inter-Services Intelligence (ISI) is being widely shared on social media following a June 16 NDTV report on the case. The names are Anas, Mohammad, Danish, Arif, Sabir, Khalid and Junaid. X user @Warlock_mohit amplified the claim by quoting […]",altnews.in,2026-06-22,False,1,85
"Sonam Wangchuk solidarity protest turns violent in Santiniketan, students on hunger strike allege assault by ABVP",A group of students of Visva Bharati university in Santiniketan on Saturday alleged that several members of the Akhil Bharatiya Vidyarthi Parishad (ABVP) attacked them while they were observing a 24-hour-long hunger strike and protest in solidarity with Sonam Wangchuk. The protest was not limited to Visva-Bharati students but was open to students and supporters […],altnews.in,2026-07-19,False,1,61
Did CJP workers in Rajasthan break their vehicles? Video evidence disproves BJP MLA’s claims,"On August 21, CJP co-convenor Ashutosh Ranka and his colleagues were attacked while visiting a village in Rajasthan under the ‘School Theek Karo’ campaign. The next day, local BJP MLA Kailash Verma gave his version of the incident to the media, placing the entire blame on CJP. Verma claimed that “around 100 to 150 CJP […]",altnews.in,2026-08-28,False,1,8
Subsidised rice meant for labourers sold to traders: CBI probes Rs 28-crore ‘scam’,Subsidised rice meant for labourers sold to traders: CBI probes Rs 28-crore ‘scam’,indianexpress.com,2026-09-01,Verified Real,0,455
SCO declaration: Double standards in fight against terrorism unacceptable,SCO declaration: Double standards in fight against terrorism unacceptable,indianexpress.com,2026-09-01,Verified Real,0,446
Why NIA court rejected bail plea of J&K man accused of backing Hizbul Mujahideen terrorists,Why NIA court rejected bail plea of J&K man accused of backing Hizbul Mujahideen terrorists,indianexpress.com,2026-09-01,Verified Real,0,441
"Bengal results: In 49 seats, voters deleted after adjudication exceeded the victory margin","The May 4 results of the West Bengal assembly elections delivered a landslide for the Bharatiya Janata Party (BJP), which won 207 of 294 seats, while the Trinamool Congress (TMC) secured 80. A party needs 148 seats to form a majority in the state. Results have been declared for 293 constituencies so far, with repolling […]",altnews.in,2026-05-06,False,1,125
BJP members pelting stones during Kolkata CJP protest? Ranchi video falsely viral,"A video is viral on social media, depicting a few men atop a fire service truck, pelting some objects at a crowd while police stand nearby. Text written in Bengali, which translates to “Media will now say that those [objects] were tomatoes, not stones”, is superimposed on the viral clip. Many social media users have […]",altnews.in,2026-07-27,False,1,48
"Hyderabad: ‘Cow vigilantes’ raid truck, find plywood instead of cattle, vandalize it anyway","On May 16, around midnight, a group of self-proclaimed cow vigilantes in Gudimalkapur in suburban Hyderabad raided a truck on suspicion that it was illegally transporting cattle. However, when the vehicle was stopped, it was found to be carrying plywood. Despite this, the mob allegedly vandalised the truck and pelted stones at it, injuring at […]",altnews.in,2026-05-20,False,1,110
‘Only Hindus will live in Bengal and enjoy their rights’: Avijit Das and the campaign for ‘Hindu Banga’,"Avijit Chandra Das, chairperson of the Right-wing outfit Hindu Suraksha Samiti (HSS), shot to prominence as a ‘Hindutva leader’ in West Bengal following the Bharatiya Janata Party’s win this year in the state. Proclaiming that ‘retribution‘ as his primary objective, Das organised a ‘Direct Action Day’ under the aegis of the HSS at Jadavpur in […]",altnews.in,2026-08-22,False,1,16
'Maggots In Eggs' Complaint Against Blinkit Outlet In Mangalore,"During the inspection, officials found packets containing damaged eggs.",ndtv.com,2026-09-03,Verified Real,0,253
"From Faridkot to Vancouver, Canada’s celebrity Sikh cop recounts family’s journey","From Faridkot to Vancouver, Canada’s celebrity Sikh cop recounts family’s journey",indianexpress.com,2026-09-03,Verified Real,0,471
"Janmashtami 2026 Date And Time: Puja Muhurat, Tithi Timings And Dahi Handi Celebrations","Janmashtami 2026 will be observed with midnight prayers, fasting and festive celebrations, with devotees also preparing for traditional Dahi Handi festivities.",ndtv.com,2026-09-03,Verified Real,0,299
RBI may prioritise closing dollar shorts with FCNR(B) inflow,Mumbai,thehindu.com,2026-09-02,Verified Real,0,395
Student taken into custody on charges of circulating morphed images of fellow students and teachers,"The incident had created an uproar among the students of the college, who staged a protest on the campus demanding stringent action against him",thehindu.com,2026-09-03,Verified Real,0,345
CRPF in action in poll-bound Bengal? Old video from Bangladesh shared falsely,"A video purportedly from West Bengal is being widely shared on social media, showing security personnel dragging and assaulting young men. Several users have claimed that the footage captures action by the CRPF during the ongoing Assembly elections, with some going so far as to suggest it signals the onset of “Hindu Raj” in the […]",altnews.in,2026-04-17,False,1,150
"Fighter pilot Abhinandan, taken POW after he downed Pak jet, goes commercial","Fighter pilot Abhinandan, taken POW after he downed Pak jet, goes commercial",indianexpress.com,2026-09-03,Verified Real,0,407
Vice-chairperson poll puts ruling alliance in Kerala’s Pala to test,Vice-chairperson poll puts ruling alliance in Kerala’s Pala to test,thehindu.com,2026-09-03,Verified Real,0,355
Old video of man shooting himself falsely shared as Iranian general who ‘betrayed’ Khamenei,"Trigger Warning: Suicide. Viewer Discretion is Advised. A 25-second video circulating on social media shows a man briefly addressing the camera before shooting himself in the head with a pistol. Social media users claim that the clip shows an Iranian general who allegedly leaked the coordinates of Iran’s supreme leader, Ayatollah Ali Khamenei, enabling US […]",altnews.in,2026-03-07,False,1,197
"India leads global adoption of AI agents, with 32% of AI users emerging as ‘Frontier Professionals’: Microsoft",32% of the country’s workforce are Frontier Professionals (people redesigning work around AI agents) the highest share of all ten markets studied and double the global average of 16%,thehindu.com,2026-09-03,Verified Real,0,370
"Telangana CM drops minister Konda Surekha after daughter’s remarks, shuffles posts","Telangana CM drops minister Konda Surekha after daughter’s remarks, shuffles posts",indianexpress.com,2026-09-03,Verified Real,0,405
"Uttam Nagar before Eid: As fear lingers and hate spreads online, a neighbourhood holds its breath","In the narrow lanes of Uttam Nagar’s JJ Colony, the signs are hard to miss. Police barricades cut through familiar routes. Riot-control vehicles stand stationed near the main market. At almost every turn, there is a uniformed presence— watchful, alert, and unusually dense for a neighbourhood otherwise accustomed to routine bustle. Days ahead of Eid, […]",altnews.in,2026-03-19,False,1,175
Girls claimed ‘possession’ at Amravati hostel. Then top officials spent the night confronting ‘ghosts’,Girls claimed ‘possession’ at Amravati hostel. Then top officials spent the night confronting ‘ghosts’,indianexpress.com,2026-09-03,Verified Real,0,495
Watch: 'You Guys Are A Joke' - Sabalenka Blasts Reporter Over 'Party' Question,Defending champion Aryna Sabalenka blasted a reporter over his questions about her pre-tournament activities following the US Open second-round win overRussian qualifier Polina Iatcenko.,ndtv.com,2026-09-03,Verified Real,0,291
Month-old video falsely viral as Hindu girl raped in front of father in Bangladesh,"This story uses only screenshots and not the actual video in view of its graphic nature. A 28-second video is viral on social media where a man and a woman can be seen crying inconsolably. Users claim that the woman, a Bangladeshi Hindu, was brutally raped in front of her father. The video captures both […]",altnews.in,2026-06-05,False,1,97
Free food drew crowd to Modi event in Australia? Morphed newspaper clipping viral,"Amid Prime Minister Narendra Modi’s recent Australia visit, an image of a newspaper clipping went viral on social media. It shows a photo collage featuring PM Modi, Australian Prime Minister Anthony Albanese, and an enthusiastic crowd of people of Indian origin. On the top right corner of the page, a story has been highlighted, the […]",altnews.in,2026-07-12,False,1,67
4 hate speech events per day in 2025; 88% in BJP-ruled places: CSoH report confirms India’s slide into hate politics,"The annual report on Hate Speech Events in India or 2025 published by the Centre for the Study of Organised Hate (CSoH) confirms India’s accelerating descent into politics of hate and a disturbing normalization of organized hate crimes. According to the report, there were a total of 1,318 hate speech events targeting religious minorities, especially […]",altnews.in,2026-01-17,False,1,237
"No, PM Modi did not say India was world’s largest beef producer","A video clip of Prime Minister Narendra Modi addressing the Indian diaspora in Auckland, New Zealand, is being widely shared on social media. It is claimed that during his speech, Modi stated that “India is the largest producer of beef in the world.” On July 11, 2026, Narendra Modi addressed Indians living in New Zealand […]",altnews.in,2026-07-16,False,1,64
Government orders trigger sweeping Instagram censorship days after CJP protest,"Over the past few weeks, journalists, independent creators, news organisations, activists and Opposition politicians have been reporting a growing number of Instagram accounts being restricted in India or posts being arbitrarily taken down — many of them concerning the Cockroach Janta Party (CJP) movement, the brutal police crackdown that followed, or simply content critical of […]",altnews.in,2026-08-12,False,1,29
‘Tamil be given its entitled constitutional opportunity’: Vijay revives State’s bid to use it in High Court,‘Tamil be given its entitled constitutional opportunity’: Vijay revives State’s bid to use it in High Court,indianexpress.com,2026-09-03,Verified Real,0,468
PM Narendra Modi calls for robust water data governance,PM Narendra Modi calls for robust water data governance,indianexpress.com,2026-09-02,Verified Real,0,416
The feminist organiser and her everyday rebellions,"Gloria Steinem, 92, who gave feminism a good name and an image that debunked the stereotype, died in her New York home; through her life, she had a strong connection with India",thehindu.com,2026-09-03,Verified Real,0,309
"Stock markets extends losing streak to 4th day; Sensex slides 417 points amid rising crude, IT sell-off","The 50-share NSE Nifty slipped 41 points, or 0.17%, to settle at 23,873.45",thehindu.com,2026-09-03,Verified Real,0,371
Contract worker electrocuted while working on Bescom pole in Devanahalli,Contract worker electrocuted while working on Bescom pole in Devanahalli,thehindu.com,2026-09-03,Verified Real,0,332
BCCI Breaks Silence On Agarkar's Tenure As Selector After He Misses Meeting,"The BCCI on Thursday conducted a very important meeting where India captains Shubman Gill (ODIs and Tests) and Shreyas Iyer (T20Is), along with India coach Gautam Gambhir, were present",ndtv.com,2026-09-03,Verified Real,0,294
"India, Belgium to strengthen defence, semiconductors ties","India, Belgium to strengthen defence, semiconductors ties",indianexpress.com,2026-09-03,Verified Real,0,403
Digitally altered video of Sara Tendulkar goes viral,"A 13-second video featuring Sara Tendulkar walking towards her car wearing what appears to be gymwear — a black sports bra and grey high-waisted short leggings — has gone viral on social media. An X user, Marcus, shared the video stating that Sara Tendulkar was spotted outside a gym and that she was looking “stunning”. (Archive) […]",altnews.in,2026-08-17,False,1,23
"Step up preparedness for glacial lake outbursts, avalanches, MHA tells Himalayan states, UTs","Step up preparedness for glacial lake outbursts, avalanches, MHA tells Himalayan states, UTs",indianexpress.com,2026-09-03,Verified Real,0,398
"Trinamool MP Sayani Ghosh’s campaign speeches from Assam, Bengal viral with misleading claims","Ahead of the second and final phase of polling in West Bengal, a collage of two videos of Trinamool Congress (TMC) MP Sayani Ghosh has gone viral. In the first part, she is seen singing a few lines from the popular Bengali folk song ‘De De Paal Tule De’, which says “Kaba is in my […]",altnews.in,2026-04-28,False,1,133
"Stock markets fall for third day amid escalating tensions in West Asia, higher oil prices weigh","Among the 30 Sensex firms, Asian Paints, HDFC Bank, Mahindra & Mahindra, HCL Tech, Bharat Electronics and Infosys were the major laggards",thehindu.com,2026-09-03,Verified Real,0,369
Bengaluru: Operation Mukta triggers eviction fears among 400 Bengal migrants in Hulimangala,Bengaluru: Operation Mukta triggers eviction fears among 400 Bengal migrants in Hulimangala,thehindu.com,2026-09-03,Verified Real,0,315
Pinarayi Vijayan slams ‘fabricated’ reports on police vehicle outside his house in Kannur,Leader of the Opposition says reports that a police station is operating from a non-functional police vehicle parked outside his residence at Pinarayi in Kannur are a deliberate attempt to personally humiliate him,thehindu.com,2026-09-03,Verified Real,0,352
"Drone strike on US embassy in Riyadh? Journalists, media outlets falsely share old video as fresh footage","Amid rising tensions between Iran and the US–Israel alliance, drones struck the US Embassy in Riyadh, Saudi Arabia, on March 3, 2026. The attack reportedly caused minor damage, and no casualties had been reported initally. Meanwhile, a video showing massive flames engulfing the side of a road is going viral on social media. Users claim […]",altnews.in,2026-03-05,False,1,203
"Photos of Mira Nair and young Zohran Mamdani with Epstein, Clinton & others are AI generated","After the US Department of Justice released around 3.5 million pages in compliance with the Epstein files transparency act on January 30, 2026, an email was retrieved that mentioned Indian-American film director Mira Nair, who is the mother of New York City mayor Zohran Mamdani. Soon after this, several images of Nair along with a […]",altnews.in,2026-02-05,False,1,228
"VinFast said to put brakes on making some cars in India, sources and memo say","The suspension marks another setback for loss-making VinFast, which turned to India after difficulties in gaining market share in the U.S. and Europe",thehindu.com,2026-09-02,Verified Real,0,393
"Delhi hotel horror: Woman stabbed to death, husband found unconscious","Delhi hotel horror: Woman stabbed to death, husband found unconscious",indianexpress.com,2026-09-03,Verified Real,0,476
Adani case: Journalist Ravi Nair gets one-month stay on sentence. Here’s a look at his posts that led to conviction,"The magistrate court in Mansa, Gandhinagar, that had convicted journalist Ravi Nair in a criminal defamation case, granted a one-month stay on the sentence on Friday, February 13. The court headed by first class judicial magistrate Damini Dixit had sentenced Ravi Nair to one year imprisonment and a fine of Rs 5000 on February 10 […]",altnews.in,2026-02-15,False,1,216
"Telangana Police goes after TeluguScribe, invokes UAPA to seek X data","Telangana police have sought information from X regarding an account called ‘TeluguScribe’ under Section 94 of the Bharatiya Nagrik Suraksha Sanhita (BNSS), which empowers a court or a police officer to issue summons for the production of documents. The notice invokes Section 43F of the Unlawful Activities (Prevention) Act (UAPA), which mandates that any entity […]",altnews.in,2026-04-27,False,1,136
Dollar deluge: NRI deposits lift INR to a 2-month high of ₹94.6,"Going ahead, market participants will closely track key U.S. employment indicators, particularly non-farm payrolls and unemployment data. Rupee is expected to maintain a positive bias, with the range seen between 94.25–95.00.",thehindu.com,2026-09-03,Verified Real,0,366
BJP adds communal spin to idol vandalism in West Bengal’s Santipur,"Images depicting unfinished idols of Hindu deities Kali and Saraswati lying desecrated are viral on social media with the claim that the vanadlism in Santipur, West Bengal, was a “direct attack on Hindu faith”. BJP IT Cell head Amit Malviya (@amitmalviya) posted the images on January 7 claiming it was “another brutal assault on Sanatan […]",altnews.in,2026-01-08,False,1,244
"Four more Bengal constituencies, same pattern: Muslims disproportionately marked ‘Under Adjudication’ in SIR",Days after Alt News broke through the Election Commission of India’s barriers to access Special Intensive Revision data — revealing that in Bhabanipur and Ballygunge a Muslim voter was 3.1 times more likely to be marked “Under Adjudication” than a Hindu voter — we extended the same exercise to four more constituencies. We digitised and […],altnews.in,2026-04-07,False,1,156
"No, Piyush Goyal did not call for hanging ‘cockroaches’; viral video is a deepfake","Amid the Cockroach Janata Party (CJP) protests and the surrounding uproar over police brutality against student and youth demonstrators, a video of Union Minister Piyush Goyal has gone viral on social media over this past week. In the clip, Goyal can purportedly be heard saying, (translated from Hindi), “I believe that we should hang a […]",altnews.in,2026-07-25,False,1,52
YouTube movie scene shared as footage of entrapped women from Epstein Files,"An 11-second clip is viral on social media showing caged women, one of whom appears to be pregnant. She is seen crying for help. “You have to save me, I am pregnant,” she says. The clip is being shared as part of Epstein Files. The Epstein Files refer to a series of documents released by […]",altnews.in,2026-02-16,False,1,215
LIC launches two new plans,The two plans will be available from September 7.,thehindu.com,2026-09-02,Verified Real,0,396
"On Srinagar streets, BJP and NC take on each other, Mehbooba calls it fixed match","On Srinagar streets, BJP and NC take on each other, Mehbooba calls it fixed match",indianexpress.com,2026-09-02,Verified Real,0,433
"Congress, TMC leaders share old video as post-poll violence in Bengal","The results of the 2026 West Bengal Assembly elections were declared on May 4. The Bharatiya Janata Party secured an absolute majority with 207 seats, while the ruling Trinamool Congress was reduced to 80. Following the results, reports of violence, arson, and vandalism targeting political offices emerged from several parts of the state. Amid this, […]",altnews.in,2026-05-09,False,1,121
SIR may be legal but it is not fair: Former EC Ashok Lavasa,"Statutory institutions, constitutional bodies, and governments have suddenly started behaving as if “might is right”, says former EC; asks whether efforts are being made to create a situation where people become disenchanted with the democratic process",thehindu.com,2026-09-03,Verified Real,0,342
Reducing India’s exposure to U.S. tariff risks,"The Lindsey O. Graham Act puts India under pressure, but export diversification and domestic reforms can cushion shocks",thehindu.com,2026-09-03,Verified Real,0,376
"Vijay’s new push: New Secretariat, Olympic hub and motor racing city","Vijay’s new push: New Secretariat, Olympic hub and motor racing city",indianexpress.com,2026-09-03,Verified Real,0,482
R G Kar case: Former Bengal municipality chairman held after interstate chase,R G Kar case: Former Bengal municipality chairman held after interstate chase,indianexpress.com,2026-09-03,Verified Real,0,485
Glacier burst video from Alaska falsely viral as Nepal flash flood trigger,"Following the devasting flash floods in Nepal on August 26, which claimed over 1,200 lives and caused massive destruction, a video has gone viral on social media, purporting to show the Glacial Lake Outburst Flood (GLOF) phenomenon. It displays footage from a search helicopter, ostensibly showing the breach of a glacial lake in China. Users […]",altnews.in,2026-09-03,False,1,1
"""Transparent On Data Sources"": Top Official Explains 7.8 Per Cent GDP Figure","Every five to seven years, the base year for comparison is changed, Saurabh Garg said.",ndtv.com,2026-09-03,Verified Real,0,266
"The conspiracy that wasn’t: How a fake investigation into India, Myanmar rebels and rare earths went around the world","This is the first of a three-part investigation into a coordinated influence operation targeting India’s efforts to secure rare earths from Myanmar’s Kachin region. It traces how a fabricated conspiracy story alleging secret roads, weapons transfers and a covert India-KIA partnership was manufactured, published across a network of pay-to-publish websites, and amplified on social media […]",altnews.in,2026-05-21,False,1,109
"BJP leader, Right-wing handles share clipped video, claim communal agenda behind CJP stir","On July 23, when the Cockroach Janta Party(CJP)-led protest in Delhi demanding the resignation of Union education minister Dharmendra Pradhan was at its peak, a five-second video went viral, in which a man could be seen chanting “Nara-e-Takbir” and the crowd responded with “Allah Hu Akbar.” Sharing this clip, several BJP leaders and supporters claimed […]",altnews.in,2026-07-26,False,1,50
"HCLTech, Transport for NSW partner to explore AI-driven traffic insights in India","HCLTech will explore the integration of Sarvam’s multilingual foundation models with SCATS. The initiative is aimed at enabling traffic operators, planners and engineers to query and analyse SCATS data in local Indian languages.",thehindu.com,2026-09-03,Verified Real,0,365
Cleric row puts Kerala CM at odds with ally over Muslim women’s place in public life,Cleric row puts Kerala CM at odds with ally over Muslim women’s place in public life,indianexpress.com,2026-09-02,Verified Real,0,432
CJP activist’s father dies after alleged assault by BJP men in Bengal’s Bankura; 8 arrested,"A 51-year-old man who was allegedly assaulted in West Bengal while trying to protect his son, a Cockroach Janta Party (CJP) activist, died of his injuries on August 15. His son, Sekh Abdul Hafeez, had returned to their village in Bankura after participating in the CJP protest in Delhi and had begun documenting the dilapidated […]",altnews.in,2026-08-17,False,1,24
Bengal BJP MLA forces Muslim woman to chant ‘Bharat Mata ki Jai’ at welfare scheme event,"A video featuring BJP MLA from Barrackpore, Koustav Bagchi, pressuring a Muslim woman to chant ‘Bharat Mata ki Jai’ and ‘Vande Mataram’ in a government-organised programme for the newly launched women’s welfare scheme, Annapurna Yojna, has gone viral. The incident took place on June 3, 2026, during the inaugural ceremony of BJP’s women’s welfare scheme, […]",altnews.in,2026-06-09,False,1,96
"No, Arvind Kejriwal did not say that Virat Kohli was from Koli community","A 38-second video clip featuring Aam Aadmi Party leader and former Delhi chief minister Arvind Kejriwal is circulating widely on social media. In the clip, Kejriwal praises the Koli community and refers to a cricketer from the community who has performed well. Several users have claimed that he was referring to cricketer Virat Kohli, accusing […]",altnews.in,2026-03-02,False,1,205
'Needs To Be More Mature': Mayawati On Nephew Akash Anand's Role In Party,Mayawati decided against entrusting him with any major role in the party.,ndtv.com,2026-09-03,Verified Real,0,263
Air India crash: The infamous ‘cockpit conversation’ that became a global fact without evidence,"The Air India AI171 crash in Ahmedabad on June 12, 2025, killed 260 people, making it one of the deadliest aviation disasters in Indian history. Within weeks of the tragedy, the focus of the investigation and much of the ensuing public discourse came to centre onto one of the dead: Captain Sumeet Sabharwal, the Air […]",altnews.in,2026-06-29,False,1,79
‘Gaza-like lesson’ to ‘everyone’s CM’ — Suvendu’s inclusive pitch contrasts sharply with past communal rhetoric,"On May 9, Suvendu Adhikari was sworn in as the first BJP chief minister of West Bengal after the party’s sweeping victory in the 2026 assembly elections. In his oath of office, Adhikari pledged allegiance to the Constitution and vowed to govern “without fear or favour, affection or ill-will.” Soon after the ceremony, the state’s […]",altnews.in,2026-05-12,False,1,118
The law Bengal CM ‘invoked’ against July 24 protesters is not yet law,The rule of law has one simple rule: A law must first become law. But was that the case for Bengal’s much talked about ‘Goonda Act’? West Bengal chief minister Suvendu Adhikari claimed in the state assembly on July 25 that the state had invoked the West Bengal Public Safety and Control of Anti-Social Activities […],altnews.in,2026-08-03,False,1,37
"CJP stir anti-national, anti-Hindu, says Hindutva outfit chief who thrashed two students at Jantar Mantar","On July 24, Rashtriya Hindu Veer Sena chief Satyam Pandit, a resident of Ghaziabad, uploaded a video on his social media handle showing him harassing, abusing, and thrashing on two student protesters involved with the Cockroach Janata Party (CJP) movement. The caption of this video professed that he had travelled to Jantar Mantar to dole […]",altnews.in,2026-07-29,False,1,45
"A brawl, a bandh, and 2 FIRs: Why Karnataka court refused to stop police probe","A brawl, a bandh, and 2 FIRs: Why Karnataka court refused to stop police probe",indianexpress.com,2026-09-03,Verified Real,0,469
"Baruipur rape-murder accused Ananda Sardar was CPI(M)’s polling agent? No, fake document viral","A screenshot of an alleged Facebook post is being widely shared on social media with the claim that Ananda (Anondo) Sardar, one of the accused arrested in the alleged rape and murder of a minor in West Bengal’s Baruipur, had served as a CPI(M) polling agent during the 2026 assembly elections. The minor girl’s body […]",altnews.in,2026-07-18,False,1,63
"Meta restricts posts by Indian Youth Congress, AAP, Opposition leaders","Amid growing concerns over a government-ordered Instagram censorship drive in India, political parties and leaders are now reporting restrictions on their posts, with Meta citing “legal requirements” but providing little information about the basis for the action. Content linked to the Cockroach Janta Party protests, political parties and creators has all been caught up in […]",altnews.in,2026-08-24,False,1,14
Photo of Sonia Gandhi shaking hands with Jeffrey Epstein is AI-generated,"A photo is viral on social media showing Congress leader Sonia Gandhi shaking hands with the late Jeffrey Epstein, an American financier and convicted sex offender. The photo has gone viral amid hundreds of other high-profile personalities from around the world being implicated in Epstein’s e-mail conversations, or Epstein Files, released by the United States […]",altnews.in,2026-02-17,False,1,214
No two-wheelers on one stretch of Airport Road elevated corridor from September 4,No two-wheelers on one stretch of Airport Road elevated corridor from September 4,thehindu.com,2026-09-03,Verified Real,0,306
Why a Gujarat man who imported ‘Vitamin C’ to the US has been jailed,Why a Gujarat man who imported ‘Vitamin C’ to the US has been jailed,indianexpress.com,2026-09-03,Verified Real,0,489
How dare she? Hindutva flagbearers threaten Muslim judge who sent 14 cow-vigilantes to jail for murder,"Trigger Warning: Use of Expletives The June 12 conviction of 14 men for the 2022 lynching of a Muslim truck driver in Madhya Pradesh has triggered a coordinated wave of communal abuse, threats and misinformation directed at the judge who delivered the verdict. Within hours of additional district and sessions judge Tabassum Khan sentencing 14 […]",altnews.in,2026-07-02,False,1,73
Myanmar National Arrested With Meth Worth Rs 11.4 Crore In Mizoram,"Methamphetamine, also known as meth or crystal meth, is a very addictive drug.",ndtv.com,2026-09-03,Verified Real,0,278
Sangam ITI may shift to Lanco premises in Nellore district,Sangam ITI may shift to Lanco premises in Nellore district,thehindu.com,2026-09-03,Verified Real,0,330
‘Zombie drugs’ video shared by Harbhajan Singh is not from Punjab,"BJP Rajya Sabha member and former Indian cricketer Harbhajan Singh recently re-shared a video on his official X account. Originally posted by an X user, Arshdeep Singh Saini, the clip shows two young men standing by the roadside in a seemingly disoriented state with their bodies appearing limp and their movements unusual. Sharing the video […]",altnews.in,2026-08-16,False,1,25
No one fired pellet guns in Delhi,"Someone owes 25-year-old Irshad Mansoori an explanation. He lies in a hospital bed in Delhi with a pellet lodged near a blood vessel in his neck even after undergoing a surgery on July 21. Someone should also explain to 19-year-old Sahil Lochab, recovering from a surgery on July 22, how he received a grievous eye […]",altnews.in,2026-07-23,False,1,54
Suspended Muslim headmaster from Mathura reinstated after probe finds BJP leader’s allegations false,"Jan Mohammad, a primary school headmaster from Uttar Pradesh’s Mathura district who was suspended after a complaint from a local BJP leader, has been reinstated by the government after an inquiry committee found the allegations to be false. The suspension of Mohammad, the headmaster of Naujheel Primary School, was ordered by the district basic education […]",altnews.in,2026-02-11,False,1,221
BJP shares clipped video of Mamata’s speech to claim she ‘mocked demolition of temples’,"With the high-stakes Bengal elections weeks away, BJP West Bengal on March 28 shared a 8-second video of a pre-election speech by West Bengal chief minister Mamata Banerjee. The party claimed on X that Banerjee had said BJP did much drama if a Shiv Mandir was destroyed, which implied that demolition of Hindu temples was […]",altnews.in,2026-03-29,False,1,166
"TMC office ransacked: Abhishek Banerjee’s ‘thuggery’ barb, BJP’s ‘staged’ reply","TMC office ransacked: Abhishek Banerjee’s ‘thuggery’ barb, BJP’s ‘staged’ reply",indianexpress.com,2026-09-03,Verified Real,0,494
"Sensex, Nifty rebound in early trade after 3-day slide; bank stocks lead recovery","Tata Steel, Adani Ports, Axis Bank, ICICI Bank, State Bank of India, HDFC Bank, Power Grid, Eternal, Larsen & Toubro, Bharti Airtel and UltraTech Cement were among the major gainers from the Sensex pack",thehindu.com,2026-09-03,Verified Real,0,385
Hindus celebrating Holi on Eid in Uttam Nagar? Old video from Karnataka falsely viral,"A 15-second video showing a large crowd dancing in the streets to loud music has gone viral on social media. Saffron flags can be seen across the crowd, which appears to be bathed in laser and strobe lights. The clip was amplified after Hindutva outfits had issued statements such as “Holi shall be played with […]",altnews.in,2026-03-25,False,1,171
KAT stays suspension of two govt. school teachers disciplined for attending RSS event,KAT stays suspension of two govt. school teachers disciplined for attending RSS event,thehindu.com,2026-09-03,Verified Real,0,300
Fake video: Clip showing Suvendu Adhikari talking about ‘finishing’ Muslims is AI generated,"A video of West Bengal chief minister Suvendu Adhikari is viral on social media, purporting to show him make several controversial statements. In the video, Adhikari starts off by expresses his satisfaction at winning the seats of Bhabanipur and Nandigram. Then, he goes on to say: “We will work only for Hindus, and exterminate the […]",altnews.in,2026-05-15,False,1,114
Political Affairs Committee members resent delay in revamping Kerala Pradesh Congress Committee,"Concerns were raised about the diminishing connection between the party and the public as the government progresses on welfare initiatives, underscoring the need for effective communication of its achievements.",thehindu.com,2026-09-03,Verified Real,0,347
Sugar mills reassure adequate availability during festival season,"For most of the 2025–26 sugar season, mills have realised prices well below the normal cost of production of ₹42 per kg; the prices were ₹39.5–₹40.0 per kg in June and roughly ₹41- 41.5 per kg through August 2026",thehindu.com,2026-09-03,Verified Real,0,361
Deepfake alert: Video of Palki Sharma ‘reporting’ on IRIS Dena & Indian’s arrest in Bahrain is fabricated,"A 54-second video of journalist Palki Sharma is being widely shared on social media with the claim that she is reporting about an Indian man being detained in Bahrain for allegedly working in Israel’s favour. The clip is circulating amid the ongoing conflict involving the United States, Israel and Iran. In the video, Sharma says […]",altnews.in,2026-03-13,False,1,184
Balasore horror: Cow vigilantes who ‘lynched’ Makandar Mohammad were known to him,"Trigger Warning: Graphic Visuals of Violence It was a stroke of bad luck that brought 35-year-old Sheikh Makandar Mohammad face to face with the miscreants who lynched him on January 14 in Odisha’s Balasore district, the victim’s brother told Alt News on Saturday. “Makandar, my cousin, worked as a mason. On the Makar Sankranti day, […]",altnews.in,2026-01-18,False,1,236
"""Habibi, Come To Iran"": Tehran Mocks US With 'Minesweeper' Game Over Hormuz",The US had only completed clearing sea mines from the strait's international shipping routes last week,ndtv.com,2026-09-03,Verified Real,0,274
How did CJP protest lead to Dharmendra Pradhan quitting? Ashutosh Ranka explains,How did CJP protest lead to Dharmendra Pradhan quitting? Ashutosh Ranka explains,indianexpress.com,2026-09-03,Verified Real,0,406
31-Member Parliament Panel Formed To Examine Foreign Funding Bill,The panel has 21 members from the Lok Sabha and 10 from the Rajya Sabha.,ndtv.com,2026-09-03,Verified Real,0,262
"Israelis smashing street cams to hide missile strike footage? Old, unrelated video falsely viral","Amid the escalating conflict in West Asia, a video has been circulating widely on social media, showing men in uniform smashing and removing cameras mounted on poles and buildings. It is claimed that Israelis are taking down these cameras to hide footage of Iranian attacks and the destruction caused by Iran. The video contains two […]",altnews.in,2026-03-14,False,1,182
Gurgaon couple put Rs 50 lakh savings in Raheja project. Then began a 9-year fight,Gurgaon couple put Rs 50 lakh savings in Raheja project. Then began a 9-year fight,indianexpress.com,2026-09-03,Verified Real,0,484
"Conflict not confined to a region, impacts global energy, trade: PM Modi","Conflict not confined to a region, impacts global energy, trade: PM Modi",indianexpress.com,2026-09-01,Verified Real,0,452
Year in review: Deepfakes and AI supercharged disinformation & propaganda in 2025 like never before,"It’s AI’s world, and we’re just living in it. The bugle had been sounded long back. Its arrival announced all over. However, it was only in 2025 that fact-checking outlets, at least in India, finally confronted the newest ‘school’ of misinformation — AI generated content and deepfakes — head on. As generative AI (Gen AI) […]",altnews.in,2026-01-01,False,1,249
Video of Dhaka eviction drive falsely claimed as BJP bulldozer action against ‘Bangladeshis’ in Bengal,"A 41-second video has been circulating on social media, claiming the BJP government in West Bengal is demolishing illegal slums, which were occupied by Bangladeshi infiltrators. The viral video shows a group of people wailing uncontrollably as the sound of destruction plays in the background. X user Jitendra Pratap Singh, whose bio says “Blessed to […]",altnews.in,2026-05-27,False,1,103
Pakistani panelist insulted ABP anchor Chitra Tripathi on live show? Congress leaders share doctored video,"A video from an ABP News programme is being widely shared on social media with the claim that a Pakistani panelist insulted anchor Chitra Tripathi during a live debate. According to the viral claim, the panelist remarked that while Pakistani women paid for their own makeup, Prime Minister Narendra Modi funded the anchor’s makeup. Sharing […]",altnews.in,2026-04-17,False,1,149
How John Ternus’s era will shape Apple,"Coming from a botched AI launch that culminated in a $250 million class-action settlement in May, Apple needs to show that its user interface is as much class-leading as its hardware",thehindu.com,2026-09-03,Verified Real,0,380
Konda Surekha dropped from Cabinet for indiscipline; Senior leader Chinna Reddy also removed from his post,"Revanth Reddy appoints three more women in important positions. G. Sudha Rani, a BC woman leader from the same district as Konda Surekha, was appointed as KUDA Chairperson",thehindu.com,2026-09-03,Verified Real,0,336
West Asia conflict: Old Tel Aviv subway image misrepresented as Indians denied shelter in Israel,"An image showing several people lying on the floor of a subway station is going viral on social media. Users claim it depicts Indians taking shelter in a subway in Israel after being denied access to bunkers. This is viral against the backdrop of the ongoing US-Israel and Iran war. On February 28, the United States […]",altnews.in,2026-03-06,False,1,199
‘Will burn him alive’: Maharashtra BJP leader’s threat to contractor sparks row,‘Will burn him alive’: Maharashtra BJP leader’s threat to contractor sparks row,indianexpress.com,2026-09-03,Verified Real,0,478
Citizens term withdrawal of Parks Bill ‘victory for Bengaluru’,This is being seen as a rare victory after the government was forced to withdraw the steel flyover project in 2016 and the recent acquisition of lands in Devanahalli. The Opposition BJP has also claimed credit for the rollback,thehindu.com,2026-09-03,Verified Real,0,326
"R Madhavan Auditioned For Shah Rukh Khan's Swades Role, Reveals Co-Writer","Amin Hajee said, ""We narrated the script to Hrithik Roshan as well""",ndtv.com,2026-09-03,Verified Real,0,282
"Form suicide squads & ISIS-like outfits, Yati Narsinghanand urges Hindus amid sword distribution in Delhi, Ghaziabad","Yati Narsinghanand Giri, the controversial head priest of the Dasna Devi temple in Ghaziabad, Uttar Pradesh, has released a video urging Hindus to form suicide squads and leave organizations like the Bajrang Dal and instead set up an outfit similar to ISIS. Yati, how faces multiple FIRs for hate speeches and is out on bail, […]",altnews.in,2026-01-09,False,1,243
Watch: 7.8% GDP: real or fake recovery? | Business Matters,"India’s latest Gross Domestic Product numbers seem impressive. Growth exceeded RBI’s own estimate of 7% for the April-June quarter. How did this happen? Aren’t ongoing wars, tariffs, geopolitical uncertainty having an impact? Let’s dive in.",thehindu.com,2026-09-03,Verified Real,0,363
Video from Bangladesh viral as CAPF forces thrashing Muslim voters in Bengal,"A video, about 14 seconds long, is viral on social media, with the claim that it shows paramilitary personnel thrashing Muslim voters with sticks on voting day in West Bengal. X user Khushi Ambedkar (@PatelKhush51313) posted the viral clip, writing that six Muslim women had reportedly been raped by the security forces. (Archive) Allegations have […]",altnews.in,2026-05-06,False,1,126
"Cockroach Janta Party backs polytechnic students’ protest in Hyderabad, seeks withdrawal of GO 97","Cockroach Janta Party backs polytechnic students’ protest in Hyderabad, seeks withdrawal of GO 97",thehindu.com,2026-09-03,Verified Real,0,346
"Justice Swarana Kanta Sharma’s speech at Varanasi varsity shared out of context, falsely linked to RSS","A video circulating on social media claims that Delhi high court judge Swarana Kanta Sharma rose rapidly in her career due to frequent visits to events linked to the Rashtriya Swayamsevak Sangh. During a hearing in the Delhi excise policy case, AAP leader and former Delhi chief minister Arvind Kejriwal filed a petition seeking Justice […]",altnews.in,2026-04-24,False,1,139
All charades dropped: Assam BJP’s AI video shows Himanta ‘shooting point-blank’ at Muslims,"With barely a few months to go for state elections, Assam BJP took its communal politics to a new extreme on February 7 when they shared a video on X that showed chief minister Himanta Biswa Sarma symbolically shooting Muslims. The 18-second clip contained what looked like real-life footage of Sarma wielding an air rifle, […]",altnews.in,2026-02-09,False,1,223
India condemns alleged destruction of century-old Hindu temple in Pakistan,India condemns alleged destruction of century-old Hindu temple in Pakistan,indianexpress.com,2026-09-02,Verified Real,0,417
"Rats in UP govt medical college: ANI deletes video report, shares statement by hospital super","Amid the row over rats having a free run inside a government hospital in Uttar Pradesh, ANI (Asian News International) has deleted its X post on the same without citing any reason or explanation. After taking down the video of rodents inside the hospital, the news agency shared a statement from the hospital super regarding […]",altnews.in,2026-01-16,False,1,240
"Nepal floods: Unrelated videos of past disasters, AI visuals falsely viral","A devastating flash flood on Wednesday, August 26, near the Nepal-Tibet border, resulted in massive destruction in several districts of Nepal, including Rasuwa, Nuwakot, Dhading, and Gorkha, with over 700 dead and over 2,500 people still missing. Reportedly, a glacial landslide of ice and rock caused the flash floods, which destroyed homes roads, bridges and […]",altnews.in,2026-08-31,False,1,6
"No, man seen with Ashutosh Ranka in Rajasthan is not the one who threatened Nepal-like violence at Jantar Mantar","Following the attacks on the Cockroach Janta Party (CJP) workers in Rajasthan, several social media users claimed that CJP convenor Ashutosh Ranka was accompanied by a man who had earlier been found calling for demolishing the Parliament and provoking Nepal-like violence during the July 20 protest in Delhi. As part of its ‘School Thik Karo’ […]",altnews.in,2026-08-25,False,1,12
Temple restoration work on Goa island unearths relics from 14th to 16th century,Temple restoration work on Goa island unearths relics from 14th to 16th century,indianexpress.com,2026-09-03,Verified Real,0,399
"Child dies, 70 fall ill after taking malaria tablets in Andhra village","Child dies, 70 fall ill after taking malaria tablets in Andhra village",indianexpress.com,2026-09-02,Verified Real,0,434
‘People may find greater courage to stand up to the government after this verdict’: NewsClick editor Prabir Purkayastha,"After the Delhi high court’s order quashing an FIR and an Enforcement Directorate (ED) case against NewsClick editor Prabir Purkayastha was made public on June 10, the senior journalist spoke to Alt News about about the verdict, the human cost of the proceedings, press freedom, New York Times’s role and what the judgment means for […]",altnews.in,2026-06-15,False,1,92
"Top Congress leaders discuss Punjab factionalism, possible Cabinet reshuffle in Himachal Pradesh",The Punjab meeting comes ahead of Rahul Gandhi’s proposed yatra; party hopes its aggressive stance over the shuddhikaran incident will help pacify former CM and Dalit leader Charanjit Singh Channi,thehindu.com,2026-09-03,Verified Real,0,311
Why police suspect weapons theft from Secunderabad cantonment was an inside job,Why police suspect weapons theft from Secunderabad cantonment was an inside job,indianexpress.com,2026-09-02,Verified Real,0,411
Security guards stabbed in suspected hate crime in Mumbai’s Mira Road; ATS joins probe,"In what is being perceived as a communal hate crime, two security guards were allegedly stabbed in Mumbai after being asked about their religion in the early hours of April 27. The incident took place at an under-construction building named Asmita Grand Mansion behind Wockhardt Hospital in the Naya Nagar area of Mira Road. According […]",altnews.in,2026-05-02,False,1,131
First stretch of Bengaluru Metro’s Pink Line likely to open this month,First stretch of Bengaluru Metro’s Pink Line likely to open this month,indianexpress.com,2026-09-03,Verified Real,0,488
"Implementing ₹24,000-crore scheme to modernise police, Centre tells Supreme Court",Government says ‘Police Modernisation Mission’ will strengthen the internal security capabilities of State police forces and Central Armed Police Forces through greater use of technology,thehindu.com,2026-09-03,Verified Real,0,328
Uncle-niece video goes viral with false claims and Islamophobic comments,"A video is going viral on social media showing a man dressed in groom’s attire sitting and speaking with a young girl, estimated to be 5–7 years old. In the clip, he is also seen kissing the child on the cheek. Several users have shared the video with communal and Islamophobic claims, alleging that a […]",altnews.in,2026-04-24,False,1,141
Elderly Muslim man assaulted in Uttarakhand for offering namaz on vacant field ‘near’ temple,"Trigger Warning: Footage Contains Use of Expletives A video showing an elderly Muslim man offering namaz being assaulted, verbally abused, and forced to chant “Jai Sri Ram” has triggered outrage and widespread condemnation. Alt News found that the incident occurred on February 24, 2026, in Jagatpur village of Rudrapur block in Uttarakhand’s Udham Singh Nagar […]",altnews.in,2026-02-27,False,1,208
"India News Highlights, 2 September 2026: Kerala plans India’s first electric truck corridor","India News Highlights, 2 September 2026: Kerala plans India’s first electric truck corridor",indianexpress.com,2026-09-02,Verified Real,0,438
Belagavi district administration seeks transfer of Cantonment land,Belagavi district administration seeks transfer of Cantonment land,thehindu.com,2026-09-03,Verified Real,0,310
"Protest by medical interns continues in Kashmir, Mehbooba says ‘deeply painful’","Protest by medical interns continues in Kashmir, Mehbooba says ‘deeply painful’",indianexpress.com,2026-09-02,Verified Real,0,413
Delhi Government Announces Holiday On September 11 Ahead Of BRICS Summit,The holiday on September 11 will also be followed by the weekend.,ndtv.com,2026-09-03,Verified Real,0,251
"La Caisse acquires 24% stake in Altius Telecom Infrastructure Trust for ₹12,100 crore","Global investment group La Caisse and Brookfield... announced that La Caisse has invested approximately ₹121 billion to acquire a 24% stake in Altius Telecom Infrastructure Trust, said a statement",thehindu.com,2026-09-02,Verified Real,0,394
‘Got your sister pregnant’: Doctor sacked for crude remark about dead woman,‘Got your sister pregnant’: Doctor sacked for crude remark about dead woman,indianexpress.com,2026-09-02,Verified Real,0,426
BJP shares clipped video to falsely claim TMC’s Byron Biswas conceded defeat,"A couple of days after the first phase of polling in West Bengal, a video showing Trinamool Congress’s Sagardighi candidate, Byron Biswas, went viral, in which he appeared to be accepting defeat in the polls. In the 0:28min video, which was shared by a host of BJP leaders and supporters, Biswas is heard saying, “I […]",altnews.in,2026-04-26,False,1,137
Gautam Gambhir Slammed After BCCI Announces T20I Squad vs Afghanistan,"Ex-India star questioned the inclusion of Washington Sundar and Nitish Kumar Reddy in India's T20I squad for the upcoming three-match series against Afghanistan, beginning September 13 in Delhi.",ndtv.com,2026-09-03,Verified Real,0,293
From obscurity to West Bengal’s ‘largest’ parliamentary party: What we know about NCPI,"In one of the most unexpected political developments to emerge from the aftermath of the 2026 West Bengal assembly election, the little-known Nationalist Citizens Party of India (NCPI) has suddenly found itself at the centre of state politics. Following the Trinamool Congress’s crushing defeat, the party descended into an unprecedented organisational crisis. While a large […]",altnews.in,2026-06-25,False,1,81
"Doxed & hounded by the Right wing, content creator duo’s battle exposes glaring loopholes in cyber laws","On December 15, when social media content creator and ad agency employee Prashant’s phone started buzzing with notifications, he thought it was some recent post attracting a lot of engagement. However, his excitement soon turned into panic when he found out the reality. Over the course of the next few days, Prashant and his partner, […]",altnews.in,2026-01-16,False,1,239
"Arun Yadav deletes over 60,000 tweets after IT cell appointment; Old posts reveal history of abuse & communal hate","Soon after his appointment as the BJP’s national social media co-convenor, Arun Yadav made his X account private and then deleted more than 60,000 posts before making it public again. When the account was locked, it showed around 65,500 posts. By August 22, only 2,794 remained — a deletion exercise that wiped out virtually his […]",altnews.in,2026-08-24,False,1,15
"Nida Khan not an HR manager, held no leadership role: TCS refutes media reports",Tata Consultancy Services (TCS) on Friday (April 17) said that Nida Khan — widely described in media reports as the HR head and alleged mastermind behind claims of sexual harassment and forced religious conversion at its Nashik BPO unit — was neither an HR manager nor in any leadership position at the facility. She was […],altnews.in,2026-04-18,False,1,147
Pune police commissioner vows strict action against activist Vidyanand Bapat’s assailant,Pune police commissioner vows strict action against activist Vidyanand Bapat’s assailant,indianexpress.com,2026-09-03,Verified Real,0,459
Opinion: Opinion: Rahul Gandhi's 2029 PM Dream: The Allies He Cannot Take For Granted,"The Congress has been steadily building the case that Rahul Gandhi should be the natural Prime Ministerial face of the INDIA bloc in 2029. Yet, the biggest obstacle to that ambition may not be the BJP.",ndtv.com,2026-09-03,Verified Real,0,276
Modi-lookalike’s video falsely shared as PM called out in Rourkela over LPG crisis,"A video, roughly 9 seconds in length, is viral on social media. It purports to show Prime Minister Narendra Modi in a convoy, in what appears to be a roadshow. A voice can be heard in the background complaining about the unavailability of cooking cylinders: “Gas nahi hai sir, kya karenge humlog?” (There is no […]",altnews.in,2026-04-02,False,1,162
Communal disinformation: Knife-wielding man in MP temple falsely identified as a Muslim,"A video circulating on social media shows a man wielding a cleaver and threatening two others, at one point pushing and intimidating them. The clip is being shared with claims that the assailant is a Muslim man who entered the Chintaman Ganesh Temple in Sehore, Madhya Pradesh, and carried out a “deadly attack” on the […]",altnews.in,2026-03-18,False,1,177
Dialogue Over Force: Rajasthan Proposes New SOP For Student Protests,The proposed SOP will also emphasise avoiding criminal cases against protesting students.,ndtv.com,2026-09-03,Verified Real,0,269
"Rs 170 cheese garlic naan has echo in Goa assembly, lands cop in trouble","Rs 170 cheese garlic naan has echo in Goa assembly, lands cop in trouble",indianexpress.com,2026-09-02,Verified Real,0,414
Siwan: At least nine rounds fired from AK-47 during students’ demonstration on July 25,The youth movement in Bihar over the alleged examination paper leak took a violent turn in Siwan on July 25 during the Bihar Bandh called by the All India Students Association (AISA). The bandh was organised to protest the police lathi-charge on students during a massive youth demonstration in Patna on July 22 demanding the […],altnews.in,2026-08-04,False,1,35
‘Would have shot protesters’; ‘Secular women enjoy rape’: Right-wing ideologue T G Mohandas booked over controversial remarks,"Right-wing ideologue and political commentator T G Mohandas has been booked by Thiruvananthapuram City Cyber Police on July 29 over controversial remarks he made in YouTube videos. In one video, Mohandas, the former ‘convenor’ of the Bharatiya Janata Party (BJP) intellectual cell in Kerala, said he “would have shot” protesters at Jantar Mantar in Delhi […]",altnews.in,2026-07-31,False,1,40
"Tiger kills labourer at Nahargarh Park enclosure, official suspended","Tiger kills labourer at Nahargarh Park enclosure, official suspended",indianexpress.com,2026-09-02,Verified Real,0,420
Shashi Tharoor slammed Modi govt & praised Pak diplomacy? The video is AI-generated,"Following US President Donald Trump’s announcement of a suspension in attacks on Iran for two weeks, several pro-Pakistan accounts shared a video of Congress MP Shashi Tharoor saying that Pakistan stepping in to end the Iranian war was a “massive strategic failure by the Indian government”. In his April 7 post, Trump had mentioned talks […]",altnews.in,2026-04-10,False,1,154
"Republic, Gujarat Samachar write reports based on fake Italian Embassy statement","After Leader of the Opposition Rahul Gandhi and Congress leader Sandeep Dikshit took a jibe at Prime Minister Narendra Modi’s customary hugs with foreign leaders and his public camaraderie with Italian Prime Minister Giorgia Meloni on Thursday, August 13, a statement purportedly issued by the Italian Embassy in New Delhi began circulating on social media. […]",altnews.in,2026-08-16,False,1,26
Meet Priti Gandhi: The ‘huge Godse fan’ now steering BJP’s social media cell,"The Bharatiya Janata Party (BJP) on August 17 announced a new national social media team, replacing Amit Malviya with Deepak Mhaskey as its IT cell in-charge. The party also named four new social media co-convenors — Priti Gandhi, Shivanand Dwivedi, Alok Bhatt and Arun Yadav. Alt News had earlier reported that within minutes of BJP’s […]",altnews.in,2026-08-27,False,1,10
"Beyond the spotlight: Three PhD scholars, 21 days without food, and a government that remains unmoved","By the time Delhi Police removed Sonam Wangchuk from Jantar Mantar and admitted him to Safdarjung Hospital on the morning of July 18, the spotlight had already been fixed on his deteriorating health. But a few metres away from the main stage, three lesser-known faces remained where they had been for three weeks — still […]",altnews.in,2026-07-19,False,1,62
IRCTC imposes Rs 5 lakh fine on food service provider after 25 students fell ill on train,IRCTC imposes Rs 5 lakh fine on food service provider after 25 students fell ill on train,indianexpress.com,2026-09-02,Verified Real,0,427
BJP men led the group that raided Anandabazar Patrika office in Kolkata,"The Bharatiya Janata Party (BJP) has distanced itself from the hooliganism at the Anandabazar Patrika (ABP) office in Kolkata on September 1, with state spokesperson Debjit Sarkar asserting that BJP was not involved in the incident and that “wearing saffron could not be a political identity”. “I don’t know who all went there. Wearing saffron […]",altnews.in,2026-09-02,False,1,4
‘Will empower the people’: All Ladakh districts to now have autonomous hill development councils,‘Will empower the people’: All Ladakh districts to now have autonomous hill development councils,indianexpress.com,2026-09-03,Verified Real,0,401
"BJP Delhi, RW influencers circulate Pinterest images as ‘Kejriwal home interiors’","A video is viral on social media, purporting to show the interiors of Arvind Kejriwal’s luxurious residence in New Delhi’s Lodhi Estate. In the clip, the photos are contrasted with excerpts of a speech given by the former Delhi chief minister, in which he advocated for austerity in politics. Right-wing influencer Raushan Sinha (@Mrsinha) posted […]",altnews.in,2026-04-29,False,1,132
‘These photos say it all’: What do photos of Nehru shown by Giriraj Singh say? Not what the Union minister claims,"A video of union textile minister Giriraj Singh is viral on social media, where he is seen carrying four posters showing former Prime Minister Jawaharlal Nehru with different women. The photos also have some text on them in Hindi and English which criticize Nehru’s political stance on Kashmir. What the BJP leader told journalists while […]",altnews.in,2026-02-13,False,1,218
"Errors, erasure, angst: Inside Basirhat’s Boro Gobra where hundreds find themselves struck off electoral rolls","Boro Gobra does not look like a place where something as abstract as an electoral roll could rupture everyday life. It sits quietly in the Basirhat landscape: Ponds holding still water under the afternoon sun, fruit trees leaning over courtyards, half-built brick houses standing beside older mud-walled homes. On most days, by early afternoon, the […]",altnews.in,2026-04-06,False,1,157
"Back-to-back incidents of anti-Muslim violence, hate contradict Kiren Rijiju’s claims of ‘safety’","During an interview at the Indian Express Idea Exchange event on June 15, 2026, Union minister of minority affairs, Kiren Rijiju, said, “You are maligning the character of the nation by saying that Muslims are not safe in India”. However, a series of incidents that took place across the country only a few days before […]",altnews.in,2026-06-22,False,1,84
"Concerned Over Packed Schedule, BCCI Announces Major Strategy Shift","BCCI secretary Devajit Saikia on Thursday said the board will be working in the direction of ensuring proper rest, acclimatisation and practise matches for Indian cricketers ahead of any major series...",ndtv.com,2026-09-03,Verified Real,0,289
Keralam will not allow students’ protests to be suppressed: Viswam,Keralam will not allow students’ protests to be suppressed: Viswam,thehindu.com,2026-09-03,Verified Real,0,317
Political misinformation in 2025: Who shared the most? Who were targeted? How did it shape narratives?,"An informed citizenry is the bedrock of a strong democracy. Likewise, a misinformed citizen — someone who confidently holds false notions and easily falls for propaganda — is prone to making incorrect choices that are detrimental for the health of a republic. In the widely acclaimed book ‘Voting: A Study of Opinion Formation in a […]",altnews.in,2026-01-07,False,1,246
Ijtema video from January falsely viral as illegal immigrants leaving Bengal post BJP win,"A 36-second-long video is getting viral on social media, with the claim that droves of illegal Bangladeshi immigrants are fleeing West Bengal after BJP won the assembly elections in the state. Instagram user ‘theiconictrolls’ posted the viral video and garnered over 350,000 views. View this post on Instagram X user ‘UttarndhraNow also posted the same […]",altnews.in,2026-05-08,False,1,122
Muslim woman on fast heckled in office? Rajasthan coaching institute video falsely viral,"A video circulating widely on social media claims to show a Muslim woman being repeatedly struck with a slipper, with the assailant mockingly saying “Good morning” between blows. Several users have shared the clip alleging that it is from Delhi, and that a Hindu employee assaulted his Muslim colleague, who was observing a fast, to […]",altnews.in,2026-03-28,False,1,167
US–Israel strikes in Iran: Old video of Mahmoud Ahmadinejad falsely shared as evidence of him being alive,"A video featuring Mahmoud Ahmadinejad is going viral on social media, with users sharing the clip as purported proof that Ahmadinejad is alive. The claim is circulating in the backdrop of the ongoing conflict involving Iran, Israel, and the United States, during which Israel has reportedly targeted and claimed to have eliminated several prominent members […]",altnews.in,2026-03-08,False,1,196
PayPal says 220 India employees affected in latest restructuring,Company disputes reports of larger job cuts; declines to provide details on impact on contract workforce,thehindu.com,2026-09-03,Verified Real,0,375
'He Himself Will Retire': Ex-India's Blunt '2027 WC' Verdict On Rohit Sharma,Former Indian cricket team opener Wasim Jaffer believes that Rohit Sharma and Virat Kohli are unlikely to play international cricket beyond the ODI World Cup 2027.,ndtv.com,2026-09-03,Verified Real,0,292
Deputy CM Pawan Kalyan orders a comprehensive study on wildlife deaths in A.P.,"Seeking a detailed report on the management of animal habitats and protection measures, Pawan Kalyan stresses the need for innovative plans to strengthen wildlife conservation",thehindu.com,2026-09-03,Verified Real,0,356
"Taare Zameen Par: Celebrities break silence, back CJP-led youth uprising","Several celebrities have come out in support of the youth-led protests that have swept Delhi since July 20, condemning the police crackdown on demonstrators and backing the students’ demands for accountability and education reforms. The ‘Sansad Chalo’ march, led by the Cockroach Janta Party (CJP), drew tens of thousands of protesters demanding the resignation of […]",altnews.in,2026-07-25,False,1,51
Netanyahu’s brother killed in Iranian missile strike at his home? Unrelated video from US falsely viral,"A video showing a mansion engulfed on fire is going viral on social media. The entire building is up in flames, and firefighters are present at the scene. The video is being shared in connection to the ongoing Iran-Israel conflict. Posts claim that Iran directly attacked Israeli Prime Minister Benjamin Netanyahu’s home with a ballistic […]",altnews.in,2026-03-12,False,1,186
Goa CM again: More than 90% crimes in the state committed by migrants,Goa CM again: More than 90% crimes in the state committed by migrants,indianexpress.com,2026-09-01,Verified Real,0,451
"ED conducts searches across T.N., Keralam, Karnataka, Telangana in eight cases linked to drug trafficking",The operation links to the national Nasha Mukt Bharat Abhiyan initiative for a drug-free India,thehindu.com,2026-09-03,Verified Real,0,333
"Who is the new Apple CEO, John Ternus and what’s next for Tim Cook?",John Ternus’s appointment comes at a time when the tech industry at large is tinkering with the advancements in artificial intelligence.,thehindu.com,2026-09-03,Verified Real,0,379
BJP alleges irregularities in Jharkhand exam tendering process,BJP spokesperson Pradeep Bhandari refers to students’ protests in Jharkhand to target Congress leader Rahul Gandhi and CM Hemant Soren,thehindu.com,2026-09-03,Verified Real,0,319
