id,text,category,label
1,go USTe!!!!!!!!!!!!! KamiNaman,Safe / Constructive,0
2,""" We're not a big house, but we are a proud one."" Lyanna Mormont . GameOfThrones",Safe / Constructive,0
3,My problem is i think everything funny and make everything a joke,Safe / Constructive,0
4,"Raise your hand if you agree, Putin owns the GOP. TrumpsGOP",Safe / Constructive,0
5,Well put some dents in my head and call me YoungBoy because I'm not going outside today!! Too damn hot,Hostile / Cyberbullying,1
6,"If you take everything personally, you'll remain offended for the rest of your life!",Safe / Constructive,0
7,You don't need an excuse to CelebrateChessington but cakes and face painting are always a bonus,Safe / Constructive,0
8,Missed the garage sale. He usually gets one for Father's Day or his birthday to add to his collection.,Safe / Constructive,0
9,Barcelona away isn't for all English teams. This image will never get old. CFC,Safe / Constructive,0
10,you need to get tested period if you having sex at all.... like y'all really dirty af,Hostile / Cyberbullying,1
11,I'm tired of men who think they have some ordained right to control women. I know the struggles of my single mother who r,Safe / Constructive,0
12,kk I'm blocking u and getting a RK to exploit ur fed,Hostile / Cyberbullying,1
13,I didn't think we had one,Safe / Constructive,0
14,I have a small scrape on my hand which I covered with a bandaid because it's uggo,Safe / Constructive,0
15,"Ah, you're better than this love",Safe / Constructive,0
16,"7 days of work down, 5 more to go send help and chocolate x",Safe / Constructive,0
17,You are such an idiot. No words for this tweet.,Hostile / Cyberbullying,1
18,Her dad is fine but she is fine like her mum Chief!,Safe / Constructive,0
19,"Wales, Like 1 hour away from Swansea.",Safe / Constructive,0
20,Big booty.....you kno the rest,Hostile / Cyberbullying,1
21,We know you probably legitimately think you are living under a tyrannical l,Safe / Constructive,0
22,These Jihadi's sponsored by Pakistan are spread all over India....they need to be hounded and thrown in before they get more o,Hostile / Cyberbullying,1
23,omgggg i want to get my titties done now,Hostile / Cyberbullying,1
24,You're sifting through the treasures and trash of your inner w... More for Virgo,Safe / Constructive,0
25,His motive is to run against Trump. What moron!,Hostile / Cyberbullying,1
26,"This government was not and is still not prepared for governance. Rather, all they wanted and are doing is to suck Niger",Hostile / Cyberbullying,1
27,"RETWEET: Obama slips up and admits he was an illegitimate and unconstitutional, foreign President, bo",Hostile / Cyberbullying,1
28,You're a bright and shining star!,Safe / Constructive,0
29,Get your Stollery tote bag at today! Stop by your local store and buy a tote for $3. All proceeds go to s,Safe / Constructive,0
30,See what I found on my curious cat o! Is this a joke or what now,Safe / Constructive,0
31,He does look like a puppet with ol Ruperts hand up his arse...,Hostile / Cyberbullying,1
32,He could have cut off his own hand to show how sorry he was it would not have made a blind bit of,Hostile / Cyberbullying,1
33,I think I'm boutta fw Waffle House,Safe / Constructive,0
34,"Lol, you're not white, you're a Jew. Jews are the worst nation and they must be annihilated, so like you",Hostile / Cyberbullying,1
35,You're still a Traitor Rand Paul. You need to Support Everything President Trump is trying to do! Don't be a Snake!,Hostile / Cyberbullying,1
36,"*She nodded and smiled. A thousand words through a smile. People say Hans was stubborn, foul, mean-s",Hostile / Cyberbullying,1
37,"I don't back track, go away",Safe / Constructive,0
38,Drafting Chapter Six of Changeling's Guide to mastodon for Screen Reader Users. While you're waiting for it to come,Safe / Constructive,0
39,"Because of the amount of work he's put in. He's basically Barca's Sissoko. Without him, they ain't w",Safe / Constructive,0
40,President Trump is a prick!!! My car broke down this morning and I knew straight away he was to blame....,Hostile / Cyberbullying,1
41,Exactly. She's just as guilty. They both need to be thrown under the jail!,Hostile / Cyberbullying,1
42,this jacket is legendary sick I didn't get mines when I had the chance,Hostile / Cyberbullying,1
43,I hate you.... I want to say orange but the lighting is orange so it could be yellow so..... Just F*** you!,Hostile / Cyberbullying,1
44,I think she's mad you didn't know her name,Safe / Constructive,0
45,baby you're so bad for my health,Hostile / Cyberbullying,1
46,The utter ignorance of intolerant white people about Muslims is astounding. Mmm she said she was willing to talk s,Hostile / Cyberbullying,1
47,"So you're only hearing from ""former"" FBI/DOJ officials. Thanks for confirming your sources are the corrupt ones who all got",Safe / Constructive,0
48,Wish I'd have thought of it! Glad you decided to do it!,Safe / Constructive,0
49,"All of this was done on camera or in the public view, some he admits to. I don't get why we can't even get Democrat",Hostile / Cyberbullying,1
50,"I see everyone has found my man Bigtime Tommie, who is responsible for the greatest piece of television ever created https",Safe / Constructive,0
51,I (and I cannot stress this enough) know when you're lying.,Safe / Constructive,0
52,"me at 3 this morning, *sniff* ""who needs a man when i have a whole bag of pizza rolls.""",Safe / Constructive,0
53,babies don't need to be around animals they too damn rough with them,Hostile / Cyberbullying,1
54,Teacher: no question is a dumb question The kid nobody likes: *asks a question* The rest of the class:,Safe / Constructive,0
55,Y'all my friend is an idiot she thought this blind man was dancing to her music,Hostile / Cyberbullying,1
56,i want a steve or bucky or stevebucky @ but yall keep saying the only ones i can find suck,Hostile / Cyberbullying,1
57,You're right...don't vote.,Safe / Constructive,0
58,"Stop saying I LOVE YOU simply because you want to get in between her legs. Be honest, tell her what you want. She might give",Hostile / Cyberbullying,1
59,Does anyone else not think she was the worst dressed ?,Hostile / Cyberbullying,1
60,"Mazie Hirono (D-HI) accuses AG Barr of being a liar and of protecting the ""liar and grifter currently in the WH,"" call",Safe / Constructive,0
61,"How stupid does William Barr and his Republican enablers in Washington, DC, think Americans are? Judging from their performance",Hostile / Cyberbullying,1
62,"Honestly I suck at texting barely read Dms , people need to catch me in person .",Hostile / Cyberbullying,1
63,Somewhere out there is a six hour cut of this film and they need to put it on blu ray. I need the 45 minut,Safe / Constructive,0
64,Me: I smell weed : You're like a drug dog,Hostile / Cyberbullying,1
65,THE SCREAMS ARE ON ANOTHER LEVEL I CAN TELL THEYRE SEEING BTSonE BBMAs,Safe / Constructive,0
66,Today some racist divvy called James Goddard came to Liverpool and two Scouse women made him run away and climb up a tr,Safe / Constructive,0
67,Don the Con. Biggest con-job in history of America!,Safe / Constructive,0
68,'We need to see other people like ourselves to help us define who we are.' Tony nominated actress is brin,Safe / Constructive,0
69,There's honestly nothing more dangerous than a person who healed themselves with the help of no one. There's no mf out t,Hostile / Cyberbullying,1
70,This is the third case in less than a year in which a former US intelligence officer has pled or been found guilty of conspi,Safe / Constructive,0
71,"Damn Rob, you need to go back to school.",Hostile / Cyberbullying,1
72,She is heavily relying on him to turn the other cheek...tough talking demon infested woman.,Hostile / Cyberbullying,1
73,Ready for the fastest international bo5 ever played?,Safe / Constructive,0
74,"remember when yoongi took off his coat so jimin can scratch his back in the middle of a grocery store,,, IM ACTUALLY SICK https:",Safe / Constructive,0
75,Why do all men do this???? CLOSE THE DAMN WIPES,Hostile / Cyberbullying,1
76,"Once again Shorten proven to be lying, it's so clear that Shorten is a liar - come on Australia don't vote for this liar a",Hostile / Cyberbullying,1
77,"Another hour! It's May 19, 2019 at 09:30AM",Safe / Constructive,0
78,"But Tramp is allowed from his ""bully pulpit"" to claim untruths, which CLEARLY thr",Hostile / Cyberbullying,1
79,And Twitter found that he's violated their TOS. Soooooo......buh bye,Safe / Constructive,0
80,"Ring, Ring, PRESIDENT OBAMA CALLED MR BIRTHER!!! WHERE'S YOUR GIRTHCERTIFICATE? FakePresi",Hostile / Cyberbullying,1
81,Where were you born ? If you don't know about this then you were probably born and bred in town.,Safe / Constructive,0
82,"What you are doing is stupid, and comparing Julius to Trump. Really",Hostile / Cyberbullying,1
83,People get thick confused with fat. Alot of y'all not thick mfers out here getting big asf I cannot.,Hostile / Cyberbullying,1
84,"Plot twist: You can still contract STD's from using condoms or just oral. Get checked, people. Routinely.",Hostile / Cyberbullying,1
85,"Reading this I laughed heartily, just when you think they can't possibly get more stupid they surprise, it see",Hostile / Cyberbullying,1
86,If you're feeling sorry for the people of King's Landing just remember they rooted for Ned's execution. GameofThrones https,Safe / Constructive,0
87,"People are always like ""ur so brave for being so open about your mental illness!!"" and I always wanna be like ""oh that's ac",Safe / Constructive,0
88,when you're sleeping and your alarm didn't ring yet but the amount of sleep you're getting is suspicious,Safe / Constructive,0
89,.: Has the president or anyone at the White House ever asked or suggested you open an investigation into anyon,Safe / Constructive,0
90,Rachel Johnson saying that Brexit is impossible is probably one of the most dangerous things I've ever heard. If Brex,Hostile / Cyberbullying,1
91,Corrupt Emo Giraffe has a sad that Bad Orange Man is still president despite Corrupt Emo Giraffe's best efforts to oust him i,Hostile / Cyberbullying,1
92,Remember when we were in year 8 and you're mum would call you and all you're mates would shout 'put that fag out' down,Hostile / Cyberbullying,1
93,"so my dad just told me that he'd like to eventually move to colorado, even within the next few years. BET?",Safe / Constructive,0
94,"""Ignorant vulgar pig puppet for her subversive treasonous masters. She does not belong in any po...""",Hostile / Cyberbullying,1
95,"Mail Order Dominatrix Part 5 - Liza calls him ""Mr. Smith"" and tells him she !",Safe / Constructive,0
96,Almost picked this up and ate it but realized it's probably one of those fake hamburgers that has a paragraph about Jesus on,Hostile / Cyberbullying,1
97,"Rahul gandhi behind my right shoulder, I saw him landing on board INS Vikrant in 1986 from Sae King along with his fat",Safe / Constructive,0
98,I didn't even know this was a thing.... I want everybody involved ARRESTED. Y'all are trash and don't deserve the companionshi,Hostile / Cyberbullying,1
99,"""Damn da blunt gone"" or ""Can i smoke wit ya""",Hostile / Cyberbullying,1
100,"My fave thing about our home is that white people think WE'RE racist because for ONCE, they go to a state where THEY'RE",Safe / Constructive,0
101,"Incase you've been living under a rock and didn't know, we have 11 years until the damage we've caused to our planet earth i",Safe / Constructive,0
102,Island booked for PM Can tell ppl if Navy was his father personal property and the choppers Ships were his,Hostile / Cyberbullying,1
103,BIT DUA'S PERFORMING WITH BLACKPINK WHATRTTFFFCCSHSH,Safe / Constructive,0
104,That mf is gone be trash lol,Hostile / Cyberbullying,1
105,This is another problem that far lefties often use. They NEED an excuse to go after you as you have been painted their,Safe / Constructive,0
106,Don't stress over things you can't control. Hand it over to the Almighty. There's no need to spend sleepless nights thinking,Safe / Constructive,0
107,"Mags News Test mode May 19, 2019 at 04:58PM",Safe / Constructive,0
108,a rivet instead of a lock stops all pathetic begging for release... teamlocked chastity permanentchastity gayslave,Safe / Constructive,0
109,All I'm saying and I realize it's controversial is that we shouldn't have a president who committed a bunch of crimes,Hostile / Cyberbullying,1
110,NU'EST STARTED FROM THE BOTTOM NOW WE'RE NUMBER TWO,Safe / Constructive,0
111,"ain't no question if i want it, i need it",Safe / Constructive,0
112,Scroll down Keep scrolling now you're obligated to re,Safe / Constructive,0
113,my future mother in-law: what will you cook for my son me:,Safe / Constructive,0
114,"ialso Top 100: Jennifer Hardie is a business coach for female entrepreneurs, thought leaders and influencers, auth",Safe / Constructive,0
115,"The Democrat women in this Congress are not only stupid, they're hateful they use violent rhetori",Hostile / Cyberbullying,1
116,"so now it's not ok to give the 'OK' hand sign.who the hell decided that this hand gesture, which has",Hostile / Cyberbullying,1
117,Comey is a snake. He's a gifted liar and a natural at deception. The easiest way to tell that he's lying is that his lips are,Hostile / Cyberbullying,1
118,STILL. CAN'T. GET. OVER. THIS. PICTURE. Sis'Zamo they're honestly no words to describe the level of admiration I have,Safe / Constructive,0
119,"All READY for Game 5!! GO BLUES!!! ~ Kathy Golik, Other Half Entertainment LGB PlayGloria LauraBr",Safe / Constructive,0
120,y'all ever fall in love with someone like 5 times??? Like damn i thought i loved you before but wtf is this next level sh,Hostile / Cyberbullying,1
121,"Of course, at the scent of his master, Riceball perked and jumped up to Hiro's shoulder. ""Vee! Eevee!"" H",Safe / Constructive,0
122,Your boy got gutted like a sea bass on national TV and you're too dumb to get that until you see it ex,Hostile / Cyberbullying,1
123,"Barcelona 2 Liverpool 0 Messi scored two goals and in the 65th minute he ""boateng-ed"" Van Dijk. So if you gamble, go and s",Safe / Constructive,0
124,"FAKE NEWS IS THE MAIN ENEMY OF AMERICA Let's tell these CROOKS: ""YOU ARE FI",Hostile / Cyberbullying,1
125,I know damn well if a random guy who wasn't famous pulled up to a date with fake nails y'all girls would be like wtf. Kee,Hostile / Cyberbullying,1
126,you need this! here you go AvalancheTheArchitect Drake,Safe / Constructive,0
127,Ehhhhh i don't know. The only cat I've ever had my parents told me got sick and died but 16 years l,Safe / Constructive,0
128,"U no what, i cant b mad at paul p... i mean the celtics retired this man's number an he won wit them. But ryan smh",Hostile / Cyberbullying,1
129,"You should be sorry. You've just alienated one of the largest TV audiences in the country. We'll never use your product,",Safe / Constructive,0
130,"Agree entirely with and appreciate her fine work here: ""We should expect and demand objectively, neutrality, h",Safe / Constructive,0
131,"Rep Nadler, This patriotic American supports President Trump, so you're gonna have to",Safe / Constructive,0
132,HI BTSARMY! Visit our Instagram page for a special announcement at 4pm! You won't want to miss it! Instagram:,Safe / Constructive,0
133,"BOOM Never Threaten the United States Again!! Hey World, The Apology Tour is Over! America is Strong Again and We Will Fi",Hostile / Cyberbullying,1
134,"Dad you're embarrassing me in front of my friends. Is it hot in here, or did you just get burned? Oh, sorry. How insen",Safe / Constructive,0
135,Why do tech guys constantly want to spend their billions getting into space rather than IDK spending it on a Marshall pla,Safe / Constructive,0
136,The hypocrisy of exposed by . Praising the Pope and demeaning the PM reflects her Islamist doubl,Hostile / Cyberbullying,1
137,This damn iPhone acting tf up,Hostile / Cyberbullying,1
138,(me thinking harder and digging my hole) ah. is this what liu qingge feels.,Hostile / Cyberbullying,1
139,Sometimes you just need to weed out the weak,Hostile / Cyberbullying,1
140,"As a native Michigander, you're behavior is DEPLORABLE (it's not a compliment). I'm glad",Hostile / Cyberbullying,1
141,I knew from his accent he was racist,Hostile / Cyberbullying,1
142,Like damn maybe I wanna laugh and have a drink or go to dinner too y'all really disowned me :/,Hostile / Cyberbullying,1
143,"Idk why you're cappin acting like you don't be having unprotected sex with my brother. If you're against abortions, don't",Safe / Constructive,0
144,"Hopefully they are never put in a position to get pregnant at 11, and damn su",Hostile / Cyberbullying,1
145,"Till you notice me, always with you I see your smile from far away You're so dazzling that my eyes grow faint My heart is racing again",Safe / Constructive,0
146,Is where you're from a factor in where you're going? GreatBritishSchoolSwap tonight 9pm,Safe / Constructive,0
147,I rather die with memories than with dreams,Safe / Constructive,0
148,Boners for days when you two get together.,Hostile / Cyberbullying,1
149,I asked my boyfriend to go get me some pads because I didn't trust him to get the right tampons and he's come back with baby wip,Safe / Constructive,0
150,A complete embarrassment to journalism. She has been a disgrace since her days on the SABC. She was Iqbal Surve's ANC-han,Hostile / Cyberbullying,1
151,"We've added 6 MILLION jobs since 's election, unemployment is at record lows wages are on the rise. O",Safe / Constructive,0
152,He has no foreign policies. He is a fuc!ing moron. His former Secretary of State so stated. He is doing tons of damage to de,Hostile / Cyberbullying,1
153,""" If people want to hate me, I can't stop them. But it's not going to stop me from doing my job. You wanna know why? Bec",Safe / Constructive,0
154,I put that filter that make me look like a man on and i look just like my damn daddy omg,Hostile / Cyberbullying,1
155,"If you're meditating in a cave, keep your cameras away mate.",Safe / Constructive,0
156,Women are made for making babies and cooking dinner and nothing else!!!,Hostile / Cyberbullying,1
157,graham is an orange lipped TRAITOR who also bends over for the orange turd TRAITOR,Hostile / Cyberbullying,1
158,Which Dog From The Golden Ratio Are You? I got: Maggie aka Schmieg,Safe / Constructive,0
159,GET THE DAMN GETTY IMAGES WATERMARK OFF FOR ME PLEASE,Hostile / Cyberbullying,1
160,closes eyes mb w the maintenance ppl gone i can go bac to sleep for a bit i kinda doubt it th,Safe / Constructive,0
161,"nerf bastion', 'i bet he doesnt kiss ya' and 'if you dont like furries go away' are phrases eternally engraved into my soul",Safe / Constructive,0
162,I dont like peaches. Can I be a mango instead? They're more expensive.,Safe / Constructive,0
163,"No , like I actually need a dad",Safe / Constructive,0
164,You were right about the 'simple' bit,Safe / Constructive,0
165,"If you're my man, I won't be entertaining other men. You're the only one I wanna hang out with, travel with, the only man",Safe / Constructive,0
166,Your mixes are always lit and go crazy. I would kill to see you perform live.,Safe / Constructive,0
167,Yuhp. Wena you have sense. These other ones think I'm playing suck this info out of my thumb,Hostile / Cyberbullying,1
168,"Gentlemen, please remember that this is the same father who said "" damn I didn't even get to finish my nap."" When h",Safe / Constructive,0
169,astroad dvd: h- me: [struggling to find jinjins calling card] ssSHUT UP,Hostile / Cyberbullying,1
170,"Yo, America is full of perverts. Wtf is this?",Hostile / Cyberbullying,1
171,"When it comes to China, they will never change their behavior until someone stands up to them. I'm proud of President",Hostile / Cyberbullying,1
172,This priest is being hated even by his stupid god.,Hostile / Cyberbullying,1
173,"wow, such the smartass you are, huh, pedophile?",Hostile / Cyberbullying,1
174,"Porto's Bakery is coming to Northridge, and we know where it's planning to open",Safe / Constructive,0
175,The men are turtles...idiots even in uk get lost,Hostile / Cyberbullying,1
176,"Since what happened to me I keep pushing people away from me. Huft, what a trash.",Hostile / Cyberbullying,1
177,Blumenthal is a blooming idiot! Never understood a word he said!,Hostile / Cyberbullying,1
178,"You told us President Trump was a traitor for over two years. HAVE A SEAT, CLOWN.",Hostile / Cyberbullying,1
179,"16 years ago the words ""you ready?"" uttered from a 22 year old Beyonc Gisselle Knowles' mouth! Little did the world kno",Safe / Constructive,0
180,Good luck to everyone running in the Manchester today! You're all heroes and we'll be cheering you,Safe / Constructive,0
181,"Serbia should kill gays in yugoslavia and not albanians, bosnians, croatian",Hostile / Cyberbullying,1
182,I'm really curious if you think we'll all be dead or you're planning on inventing teleporters.,Safe / Constructive,0
183,And yet most religions specifically command couples to have sex. And not having sex at all Bc you can't afford kids is,Hostile / Cyberbullying,1
184,Do you like to plan things out or be spontaneous? i want to say i'm a planner but everything i do is a spur of th,Safe / Constructive,0
185,daenerys when she snatches the throne from satan and becomes the queen of hell since she's fireproof gameofthronesfinale,Safe / Constructive,0
186,Prove legally owned handguns are the problem first . We all know a ban won't change a damn thing but di,Hostile / Cyberbullying,1
187,You're not losing because you're a nice guy you're losing because you're lame lmao,Hostile / Cyberbullying,1
188,Here's a thought: How about they go back to the countries they came from instead of forcing their teachings/customs in our c,Hostile / Cyberbullying,1
189,"when a guy picks up ur chin to kiss you like yess that's what I like, u go, u get it",Safe / Constructive,0
190,Pakistani Mulla gets beaten up by women after he was caught doing a bit of 'hanky-panky' while teaching Quran to little gir,Safe / Constructive,0
191,down down baby we going ko ko bop BBMAsTopSocial EXO,Safe / Constructive,0
192,retweet if youve ever been called one of these: -ugly -stupid -ratlike -spherical -vore -orb -lumpen proletariat -pseudodaddy,Safe / Constructive,0
193,"""We're not meddling in an election, we're meddling in an investigation, which we have a right to do,"" Mr. Giuliani said. """,Safe / Constructive,0
194,"Blocked. Tired of your bullshit,",Hostile / Cyberbullying,1
195,If Hulk smoked shisha and rented whips on Eid this is what he'd look like,Hostile / Cyberbullying,1
196,An idiot did her little fake voice thing for a minute.,Hostile / Cyberbullying,1
197,Censorship at its finest you suck,Hostile / Cyberbullying,1
198,". Feinstein liar old bag, shouldn't be in the Senate. She's crooked, Chinese spying for 20",Hostile / Cyberbullying,1
199,Holy Smoke Batman - will this mean he is shelving his $4 billion tax cut gift to Alberta's most profitable corporations?!,Safe / Constructive,0
200,Fat bottomed girls you make the rockin world go round,Hostile / Cyberbullying,1
201,Brennan always looks like he's smelling bad fish. He's bitter and angry ... probably bec,Hostile / Cyberbullying,1
202,Me staring at my carmex only after applying it 3 minutes ago me: Don't do it Don't do it Don't do it Don't do it,Safe / Constructive,0
203,"Another day! It's May 20, 2019 at 11:45AM RenHotels MRpoints have s lunch",Safe / Constructive,0
204,3 people followed me // automatically checked by,Safe / Constructive,0
205,You're openly admitting to never ever washing your genitals and bum. This is not a class issue. You're classist implying po,Safe / Constructive,0
206,They're waiting in line at Inkigayo to get their sandwiches,Safe / Constructive,0
207,". Typical Trump. He's a conman liar. Proven TrumpLies in excess of 10,111 in 2.25 years.",Hostile / Cyberbullying,1
208,"look, i'm never shutting up about this",Safe / Constructive,0
209,"SEE THE BLACKS IN PARIS? THEY TRY TO PRETEND THEY ARE FRENCH, the''men'' want one thing--to pimp out girls and women. The black women desire white men to pretend they are like white french wives but they are Africans. THEY DO NOT BLEND IN WITH WHITE SOCIETY.",Hostile / Cyberbullying,1
210,SECOND HAND EMBARRASSMENT JSKSKS BBMAsTopSocial BTS,Safe / Constructive,0
211,Yoo what's his damn problem,Hostile / Cyberbullying,1
212,Yeah...it's not a satisfying ending...but it's probably realistic. Which SUCKS! There is no need,Hostile / Cyberbullying,1
213,This needs to change. We need to do better. We need to show survivors that they matter and predators that their act,Safe / Constructive,0
214,when he finally shuts up goes on ps4 to play with his stupid friends so you can message your future husband in peace h,Safe / Constructive,0
215,Nearly half of the highest Blood Alcohol Content measurements ever recorded were from people in Poland.,Safe / Constructive,0
216,"""Trump is a f**king idiot,"" Graham quotes former FBI agent Peter Strzok's text during Barr hearing. Then, he says, ""Sorry to t",Hostile / Cyberbullying,1
217,I'm so sick of this. Why are they still in a position of power over our Country and Legal Citizens. This is insani,Safe / Constructive,0
218,"when lauv said ""i wonder what it feels like, to be more than i am"" damn! that hits me hard!",Hostile / Cyberbullying,1
219,"Bishop Richard ""Mr. Clean"" White - I'm Glad I Don't Look Like What I've Been Through (feat. Myron Williams)",Safe / Constructive,0
220,"I go crazy, you turn it onnn, then you're gone",Safe / Constructive,0
221,"GOOD TO KNOW I had a feeling ;;; ty for the heads up, I always gotta mentally prep for tear jerker a lol",Hostile / Cyberbullying,1
222,Really don't think we need more malls,Safe / Constructive,0
223,"Rep. Ilhan Omar says ""America is not going to be the country of white people."" Nobody said it was. But I can tell you",Safe / Constructive,0
224,""" ...ME - This is total bullshit ! Some people are saying""",Hostile / Cyberbullying,1
225,"THIS IS A CRISIS! This is at the Tapachula, Mexico border, where they're making their way to America! It's mostly you",Safe / Constructive,0
226,"if BTSWORLD thinks I'm going to pick up calls at 2AM like I did for mystic messenger, you're damn right.",Hostile / Cyberbullying,1
227,This is what you'll look like if you hate the letter l sub 2 myusernamesthis,Safe / Constructive,0
228,Keep smiling you trump puppet.,Hostile / Cyberbullying,1
229,Should the Jewish Americans side with the Nazis w/ AR-15s or the left ? Did they just ask that ?,Safe / Constructive,0
230,"EXOLs: *brag about daesangs,gucci and album sales* BTS: *now officially has the highest number of daesangs,DIOR works for",Safe / Constructive,0
231,it's my birth month! go crazy go stupid,Hostile / Cyberbullying,1
232,"5.Through Regional Office of HRC in Bangkok, they agree to have a better preparation and timing to the visit",Safe / Constructive,0
233,This is considered WHITE in Sweden. No wonder they accepted all those black and muslim immigrants. They are literally color blind.,Hostile / Cyberbullying,1
234,Omg curry dunks and it's like top 10 plays come on ESPN you're better than that,Safe / Constructive,0
235,I suck at remembering names but the faces of people I've met I rarely ever forget.,Hostile / Cyberbullying,1
236,Yes. Unfortunately they are very stupid.,Hostile / Cyberbullying,1
237,Because the refs do suck. They are pathetic actually,Hostile / Cyberbullying,1
238,Hey you need to cut ties with this entire family! All brands that sponsor Janelle need to stop!! Do you see what y,Safe / Constructive,0
239,huh..facts not bullshit. That would be Trump,Hostile / Cyberbullying,1
240,lmaoo there's this blogger on ig who's husband literally seems to hate her like in every video he's scowling or doe,Hostile / Cyberbullying,1
241,James Comey is a disgrace to the FBI will go down as the worst Director in its long and once proud history. He broug,Hostile / Cyberbullying,1
242,You look like your soul is drained - please go get you some rest - I love you,Hostile / Cyberbullying,1
243,"in my dream, you're with me",Safe / Constructive,0
244,Slimerre better get that thumbs up,Safe / Constructive,0
245,realDonaldTrump tinyhands not my president,Hostile / Cyberbullying,1
246,Short answer: YOU need to GO AWAY!,Hostile / Cyberbullying,1
247,Isn't anyone tryin' to find me? Won't somebody come take me home It's a damn cold night Trying to figure out this l,Hostile / Cyberbullying,1
248,Am I evil? My father n law is visiting staying for a week. He's a disgusting racist MAGAT. He posts nasty Hillary stuff on,Hostile / Cyberbullying,1
249,"""You know how you make America great again? Tell to go to hell""",Hostile / Cyberbullying,1
250,"Claiming you're a ""libertarian,"" while calling for the impeachment of an innocent man whose constitutional Rights were grotes",Hostile / Cyberbullying,1
251,"Philippines is a racist, misogynistic, homophobic, and altruistic yet self-centered country. There are people who fight again",Hostile / Cyberbullying,1
252,"It's May 19, 2019 at 11:00PM!",Safe / Constructive,0
253,Adonis- this is a joke! The biased Remain BBC usually has a panel 4:1 split in favour of remain. The be,Safe / Constructive,0
254,The man you can't stop thinking about is currently sending some other girl transport money to go and spend the weekend w,Safe / Constructive,0
255,jake paul: you're very mean and full of hatred cody ko and noel miller:,Hostile / Cyberbullying,1
256,.AWESOME! Democratic hopefuls have no idea who they are up against! 63+ million Americans who are sick of Liberal Hypocrit,Hostile / Cyberbullying,1
257,"My mom told me once umuntu wahamba, they must never come back cos you don't know who you're dealing with, babuya beshintshile",Safe / Constructive,0
258,"I'd be marrying him because he loved me and completes me, not because of where he'd get my ring from. How horrible woul",Safe / Constructive,0
259,Karma is real . if you think you could get away with the evil things you do live a happy life you're missing it period .,Safe / Constructive,0
260,"Modi will never again represent the myriad dreams and aspirations of 2014. Then he was a messiah, ushering in a future too",Hostile / Cyberbullying,1
261,If you go there you're just as bad as they are if you're purchasing their products UR just as bad as they are so do,Safe / Constructive,0
262,why does that african american monkey hold gun like that?,Hostile / Cyberbullying,1
263,men are sick. like actually sick,Hostile / Cyberbullying,1
264,"""you worried about the president he aint worried about you!""- some man walking around on the sidewalk w a microphone speaker",Hostile / Cyberbullying,1
265,lmao before that i ACTUALLY( smh) take some rest to stop liking bands and groups for like a whole year damn i wish,Hostile / Cyberbullying,1
266,Bro I sick of being tried SMH,Safe / Constructive,0
267,telling my mom about people i went to primary school with having babies and shes all 'aw thats lovely' well why do,Safe / Constructive,0
268,"We've still allowed your weekly rant about Ed Woodward though, any chance you'll have the balls to call out the Glazers??!!!!",Hostile / Cyberbullying,1
269,I think he'll be just fine and can handle a pathetic troll,Safe / Constructive,0
270,Labour is definitely not democratic. So what idiots are going to vote for you. Quite,Hostile / Cyberbullying,1
271,"Support from China , we also fight the cancer religion in Xinjiang , despite all the differences between our two races, we have one unite enemy that is Islam.",Hostile / Cyberbullying,1
272,"Trump fits in nowhere. He is too stupid for business tycoons, to crass for Hollywood, too ignorant for democrati",Hostile / Cyberbullying,1
273,I will be interviewed by Steve Hilton tonight at 9:00 P.M. on . Enjoy!,Safe / Constructive,0
274,you pathetic little boys can only ever dream of getting to touch someone like me Thank you,Hostile / Cyberbullying,1
275,"Omg, this is the stupiest warning I have ever seen! Im.gonna go deaf from thunder? Really????",Safe / Constructive,0
276,I am so SICK of Republicans endorsing positions simply to appease the media and the left The media loves Republicans th,Hostile / Cyberbullying,1
277,LOL I just won 5 bucks. I bet my buddy that this moron magat couldn't r,Hostile / Cyberbullying,1
278,"I can agree to that, and we get along too! Lol",Safe / Constructive,0
279,Another one that thinks tommy is helping to expose grooming gangs - Jesus - sick of these gullible morons,Hostile / Cyberbullying,1
280,if you think huening kai and taehyun deserves the same amount of cheers as the rest of the group.,Safe / Constructive,0
281,"Boris Johnson, a charlatan and an inveterate liar, will complete the transmutation of the Tory party into an ultra righ",Safe / Constructive,0
282,"If yOu'Re aGainSt wEaLth InEQuaLiTy, wHy aRe YoU EaTiNg?",Safe / Constructive,0
283,Damn. I need one of these,Hostile / Cyberbullying,1
284,Shame on you . We all know it's mandatory to be a filthy misogynist to be in but your sordid fak,Hostile / Cyberbullying,1
285,I can't tell if people are madder at the GoT finale or madder at RuPaul for eliminating,Hostile / Cyberbullying,1
286,No one ever built a great country economy by being weak. No country or economy can r,Safe / Constructive,0
287,Tucker Carlson is Right Ilhan Omar is part of America's failed immigration system-someone who dislikes this country She c,Hostile / Cyberbullying,1
288,I truly didn't knew that whatsapp isnt used like all over the world? America is weird wtf,Hostile / Cyberbullying,1
289,He definitely is no judge! Just a mouth piece!,Hostile / Cyberbullying,1
290,I just want to die. LOL. Too tired to still live and breathe.,Safe / Constructive,0
291,REALLY PROUD OF YOU! I WILL NEVER GET TIRED TO TELL YOU THIS!,Safe / Constructive,0
292,Scroll down Keep scrolling now you're obligated to rt and reply,Safe / Constructive,0
293,'In the newspaper ' I weak . Bro this ending has pissed me off,Safe / Constructive,0
294,Why don't you go beck your god to murder you? Christianity is a joke,Hostile / Cyberbullying,1
295,Matter fact..... I'm sick of talking.......,Hostile / Cyberbullying,1
296,What about a global massacre of men? Pussiezzz only girls,Hostile / Cyberbullying,1
297,"Kamala Harris: ""This Attorney General lacks all credibility and has, I think, compromised the American public's ability t",Safe / Constructive,0
298,KYLIE F*CKING SKIN! wow. skincare and makeup go hand in hand and Kylie Skin was something i dreamt up soon after Kylie Co,Hostile / Cyberbullying,1
299,"if he truly ever thought that james was a ""danger to society"" or a ""predator""",Hostile / Cyberbullying,1
300,Republicans were willing to impeach a president for lying about a consensual affair with a White House intern. Democrats won't,Hostile / Cyberbullying,1
301,"I want this to happen to liar Pappu, foul mouthed siddu, sidramaiah, prakash raj, many more So that they should think",Safe / Constructive,0
302,Thanks for putting the screws to this stooge today. I want to see Trump run out of office so bad I ca,Hostile / Cyberbullying,1
303,This homo faggot Spike Lee wore this at the Flopscers. Notice the blatant subliminal messages.,Hostile / Cyberbullying,1
304,"""Go away I cant stand to see your face Cuz youve seen the weakest me And now u know Im only human Instead of all the things Id like to be""",Hostile / Cyberbullying,1
305,"The guy have guts to attack ""Terminator""",Safe / Constructive,0
306,"""You don't look Filipino"" what am I supposed to look like? Adobo pancit lumpia kili kili or what",Safe / Constructive,0
307,Incredibly vivid dreams - 3 nights running - wtf is going on!,Hostile / Cyberbullying,1
308,sick and tired of pretending,Safe / Constructive,0
309,"tell cersei, i want her to know it was me",Safe / Constructive,0
310,1 like = 1 indireta com a inicial Go go,Safe / Constructive,0
311,"Yup. As I said, we don't know exactly what she's upset about as she hasn't told us",Safe / Constructive,0
312,You do a phenomenal job. I sleep better at night knowing you're at helm.,Safe / Constructive,0
313,4 people followed me // automatically checked by,Safe / Constructive,0
314,"He's been in the U-20 USMNT's shoes. And he knows a little bit about too. Tell 'em, !",Safe / Constructive,0
315,here u go on that bullshit lmaooo,Hostile / Cyberbullying,1
316,"underrated queen of fancams, give dahyun the recognition she deserves or you're homophobic",Hostile / Cyberbullying,1
317,"He couldn't have come off like more of a terrified, whiny little baby if he tried!",Hostile / Cyberbullying,1
318,"You're right, Junior. Our idiot president IS deranged",Hostile / Cyberbullying,1
319,TELL ALL YOUR LOYAL KOOL-AID DRINKING MAGA CROWD NEXT TIME JUST WHERE ALL YOUR OR THE TRUMPS JUNK,Safe / Constructive,0
320,As in . Some people need deliverance,Hostile / Cyberbullying,1
321,"""i suck at replying"" no you're just emotionally closed off from past trauma and haven't dealt with it in a healthy manner ca",Hostile / Cyberbullying,1
322,So sick of Chris Paul and his banana boat bullshit,Hostile / Cyberbullying,1
323,White House is working to designate Muslim Brotherhood a terrorist organization - CNNPolitics,Hostile / Cyberbullying,1
324,I don't not like James Charles! I think he's great but ONLY for makeup. I don't understand why everyone keeps hypin,Safe / Constructive,0
325,Terrorist? How is he a terrorist? What is his political motive? Clearl,Safe / Constructive,0
326,"LIVE: Congress President Rahul Gandhi addresses public meeting in Hoshangabad, Madhya Pradesh. AbHogaNyay",Safe / Constructive,0
327,I'm right in the damn bullseye now,Hostile / Cyberbullying,1
328,There is clearly written in Quran Person who not follow Quran is called kafir and.. Kill them you will get 72 hours Islam Is Terrorism,Hostile / Cyberbullying,1
329,idc i'm tired of people acting like america is some kind of holy place and it should be all artists/groups' biggest goal in,Safe / Constructive,0
330,She is the Terrorist... Deport this America Hating Trash!,Hostile / Cyberbullying,1
331,Getting out the house now !,Safe / Constructive,0
332,"you know they want to ""lock her up""",Hostile / Cyberbullying,1
333,GoT finale... I'm fine with it... a bit underwhelmed. However the highlight was 100% Jon finally giving Ghost his p,Safe / Constructive,0
334,But do middle class people want to vote terrorist accused...,Safe / Constructive,0
335,Watch my son come out looking just like his damn daddy,Hostile / Cyberbullying,1
336,The Royal Council are literally the nicest people ever wtf how are u all so pure and kind,Hostile / Cyberbullying,1
337,"dad: *praying* me: dad: ALHAMDULILAH E RABIL ALAMEEN me, concerned: ?????? dad: ARAHMAN ERAHEEM me: ??????? what dad: MAL",Safe / Constructive,0
338,I Agree with President Trump,Safe / Constructive,0
339,[TRANS] Jungkook-ah I love you : Who are you! It's jungkook Who is it! Ah Jungkook-ssi Ah Jungkookie You,Safe / Constructive,0
340,"This isn't a partisan issue. He lied, it's a felony, he needs to go.",Safe / Constructive,0
341,Throwing stones to paraplegic kids is my favourite hobby,Hostile / Cyberbullying,1
342,2/x AGAIN what the F*ck is going on in Arizona ?! ---- Mom says her toddler was bitten 25 times at daycare but n,Hostile / Cyberbullying,1
343,Joe DiGenova says he's been informed by the Office of Inspector General that the FISA Warrants to spy on the Trump Campaign w,Hostile / Cyberbullying,1
344,Damn this is one of the most satisfying Ws in a while!,Hostile / Cyberbullying,1
345,"I can't wait to spoil all my friends with my riches! ""Get in loser, we're going to Ethiopia"" Here's $10,000. Start",Hostile / Cyberbullying,1
346,By who? Tommy's not bullying anyone. Do you mean that you're the bully? Because you seem to be the one literally swearing at him.,Hostile / Cyberbullying,1
347,"And as Pragya Thakur defends his father, guess which party will be his choice ? Rather which party will welcome him wit",Safe / Constructive,0
348,"All you need to know about Lindsey Graham is that in 2016 he said Trump was ""crazy"" and a ""kook"" who was ""not fit to be pre",Safe / Constructive,0
349,Yaaasss beeetch! I'm watching this right now! If you're reading this tweet then you've gotta do the same! Show the Possum so,Hostile / Cyberbullying,1
350,I thought I am the only one who thought that this little boy looks alike P'Peck but then I clicked this hanstag Akin_,Safe / Constructive,0
351,"You ever question yourself where the energy usually come from during RAMADAN period? The sleepless nights,work,tef",Hostile / Cyberbullying,1
352,"Look when things like this come up, do not blame the stupid handler of account, you see those ones that Retweet and LO",Hostile / Cyberbullying,1
353,"One man see me inside train from Kaduna to Abuja,he come shout say ""Ah even you Senator dey join train?"";I come look am for",Safe / Constructive,0
354,I really appreciate the daily bullshit news articles that tell me how much I should hate you forget the t,Hostile / Cyberbullying,1
355,Relationships in America are trash for the most part. Other cultures with so much less technology and money are bet,Hostile / Cyberbullying,1
356,When people do stupid ish and you warned them not to,Hostile / Cyberbullying,1
357,Deutsche Bank has a big problem - Trump and Kushner's are probably even bigger!,Hostile / Cyberbullying,1
358,How would he? Hes a liar. Calling someone what they are is pretty easy to defend in court.,Hostile / Cyberbullying,1
359,Liar and Coward Modi..... Not just Psychopath Modi..,Hostile / Cyberbullying,1
360,And these are the POS we want here hell no !!!!!,Hostile / Cyberbullying,1
361,Our intranet software has the ability to teach as well as for work! Want to learn more? Visit our website TODAY!,Hostile / Cyberbullying,1
362,I can't get the 14 days free trial please fix I don't have money for ps plus I need this,Safe / Constructive,0
363,"if you tolerate someone's cheating behaviour, you're trash. lol idc.",Hostile / Cyberbullying,1
364,this is only cool because he's fat,Hostile / Cyberbullying,1
365,"Well, she's probably too busy railing against entitlements and freeload",Hostile / Cyberbullying,1
366,Any of y'all who forgive James Charles are forgetting that he's a racist transphobic motherfucker. Don't forgive him.,Hostile / Cyberbullying,1
367,Visited Portobello today with the little one. Always a bit anxious going into cafes with baby and pr,Safe / Constructive,0
368,i want to suck the nut of him,Hostile / Cyberbullying,1
369,I don't feel sorry for him! He brought it on himself when he decided to be a traitor! F*ck,Hostile / Cyberbullying,1
370,Orange Chicken and Chow Mein.,Safe / Constructive,0
371,"Not at how bts, stray kids and txt are all in America at the same damn time, they really don't want me sleeping smh",Hostile / Cyberbullying,1
372,Like Why Don't Y'all Go To The AUC Then,Safe / Constructive,0
373,them and ciara I have never been this emo,Hostile / Cyberbullying,1
374,PRESIDENTIAL HARRASSMENT: Dems Are Issuing Subpoenas For President Trump's GRANDKIDS [WATCH]. Congress is officially abu,Hostile / Cyberbullying,1
375,"If Muslims hate Dogs Beer Bacon Bikinis Jesus Freedom of Speech , why exactly do they come to America?",Hostile / Cyberbullying,1
376,Q. where do you spend so much money on? MS: i spend too much on food. i don't spend much money on shopping since i work i,Safe / Constructive,0
377,"This sick, disgusting, white terrorist/fascist killed more than 50 innocent people.",Hostile / Cyberbullying,1
378,Wow what an idiot take from a complete idiot.,Hostile / Cyberbullying,1
379,Yessss!!! THEY WERE RUNNING OUR GOVERNMENT!!,Safe / Constructive,0
380,There's not one time that i go out that a drink doesn't get spilled on me forever smelling like an alcoholic,Safe / Constructive,0
381,"Get your S.H.I.T together. (skincare, happiness health, inner peace, and your time)",Hostile / Cyberbullying,1
382,Damn I was tryna masturbate and my rheumatoid arthritis on my fingers kicked in,Hostile / Cyberbullying,1
383,You're welcome for the pic,Safe / Constructive,0
384,All we know is they're idiots the size of Thors stomach,Hostile / Cyberbullying,1
385,I think he will plead the Fifth Amendment because he's involved and he doesn't want to incriminate himsel,Hostile / Cyberbullying,1
386,Remainers please don't boycott - instead vote for a remain party. Just put your tribal instincts aside and vote for a go,Safe / Constructive,0
387,"Dear Democrats: The American people aren't stupid, they know what spying is and no amount of gaslighting will change th",Safe / Constructive,0
388,"You are vile, evil, criminal, a cheat, a fraud, a liar, a fool. You are corrupt, you are unfit, yo",Hostile / Cyberbullying,1
389,I think it's our responsibility to tell everyone about our PM where doing Meditation Excellent details about the Mod,Safe / Constructive,0
390,Why do I feel like I know who you're talking about,Safe / Constructive,0
391,One idiot throwing people in a fountain,Hostile / Cyberbullying,1
392,nah nah nah not here for folk who are fine w/ you one minute then salty with you the next hahahaha tf,Hostile / Cyberbullying,1
393,"Hi Yvonne, this is to make full text of accepted author manuscripts published in pe",Safe / Constructive,0
394,But for Jack? No one else could rein him in the way Jack could. Could cut through his bullshit and brav,Hostile / Cyberbullying,1
395,"But then I want a lunch plate from ""young's garden""",Safe / Constructive,0
396,i need a bts concert to suck my sadness away,Hostile / Cyberbullying,1
397,HYDSOENGNX CAP AND PANTS ARE MSTCHY AND HSI CUT SJITY KM CRYIGJ HES SO CUGRE,Hostile / Cyberbullying,1
398,Your porn name is your mother's maiden name and your credit card number hyphen GMail password Jr. Lol what's urs?,Hostile / Cyberbullying,1
399,i'm: straight gay bisexual having a mental breakdown over taylor swift's easter eggs that we probably will nev,Safe / Constructive,0
400,'Are you tired little guy??' :(((,Safe / Constructive,0
401,"So basically, after all that. Jon's gone back to the wall, Bran is King and Arya is going travelling??? Wtf.",Hostile / Cyberbullying,1
402,Why do negroes tear down their own neighborhoods when a black thug gets killed by law enforcement? Must be because of low IQ.,Hostile / Cyberbullying,1
403,I think we need to work on putting together an Internet of Scooters talk ;),Safe / Constructive,0
404,"null Another hour! It's May 19, 2019 at 09:00PM",Safe / Constructive,0
405,Thank God for Trump. President after President promised to address this problem and NOBODY stepped up........except Trump.,Safe / Constructive,0
406,This is the most stupid and insane thing I've ever come across in my life. Making a woman alter her testosterone le,Safe / Constructive,0
407,"my sister has birthday today, it would mean everything to her if you wished her a happ",Safe / Constructive,0
408,British Muslims. *More than half of British muslims think homosexuality should be illegal *Almost half would not accept a teache,Hostile / Cyberbullying,1
409,"Arya Stark will not be the poster girl for this misogynistic trash. Skills, jobs hobbies that are traditionally framed as f",Hostile / Cyberbullying,1
410,I've said on election you're voring for two different Americas. Everything was on ballot and that wasn't enough. Your self,Safe / Constructive,0
411,I don't like him for a lot of reasons. But never thought he played that game.,Safe / Constructive,0
412,[in a dimly lit cellar] My son: today is career day at my school but I didn't tell my dad because I think his job is boring! Co,Safe / Constructive,0
413,"Not getting any sleep tonight, will be time for me to catch my flight",Safe / Constructive,0
414,And in case you forgot you're a genuinely terrible person,Hostile / Cyberbullying,1
415,yoongi hugging people is so stupid endearing bc he doesnt rly? hug?? he kind of throws his body towards whoevers been deemed,Safe / Constructive,0
416,"If you're at SickKids today, stop by the Garden Terrace between 11 a.m. and 2 p.m. for the Children's Mental Health",Safe / Constructive,0
417,I want to do the haunted lighthouse tour sometime!,Safe / Constructive,0
418,Did I just say edition instead of addition. I might be a little tired.,Safe / Constructive,0
419,"""We want to tell the world that the rulers of this country have looted the people."" Adivasi author Gladson Dungdung wr",Safe / Constructive,0
420,"""You're not a monkey, darling... tou're a gorila"" Ahahhahaha",Hostile / Cyberbullying,1
421,Mfers Be Sick Asl That's Why I Just Do Me,Hostile / Cyberbullying,1
422,"This goes for anyone. But if you're a Mother, you really need to make sure you're putting yourself at the top of th",Safe / Constructive,0
423,"They are insolent parasites and always have been. I bear no ill will to Christ, but the jewish race itself is a plague.",Hostile / Cyberbullying,1
424,"We need a word for 'going somewhere alone,sitting and waiting for some stranger to approach you'",Safe / Constructive,0
425,listen if you're for everybody you're not for me,Hostile / Cyberbullying,1
426,"12) bigbang: tried to stan a few times, glad I didn't lol! top is hot, gd is an icon, and some of their songs are g",Hostile / Cyberbullying,1
427,"""DTA YOU STUPID PIECE OF TRASH""",Hostile / Cyberbullying,1
428,"Well, we're laughing because folx firstly don't even see fat people as human or worthy of empathy (tbh, debate your moth",Hostile / Cyberbullying,1
429,my brother leaving this note on the couch for our turtle while he's away at school,Safe / Constructive,0
430,her albums suck so all we have are the singles,Hostile / Cyberbullying,1
431,Get Dr Seuss's words out of your mouth. He once threatened to sue a prolife group that put,Hostile / Cyberbullying,1
432,The guy is douche bag and he gets what he deserves - karma,Hostile / Cyberbullying,1
433,how do you know that he's left?,Hostile / Cyberbullying,1
434,Maharshi Hyderabad Areas :- - Fastest 1CR Gross at KPHB Area (NonBB Record) - 1CR Gross at RTCXRoads in Just 9Day,Hostile / Cyberbullying,1
435,""" WELL THATS TO DAMN BAD "" always gets me lmaooooo",Hostile / Cyberbullying,1
436,Don't nobody want no damn white man ew,Hostile / Cyberbullying,1
437,And that's because you're a complete idiot who saw what you wanted to see.,Hostile / Cyberbullying,1
438,the oomf rting racist ggs,Hostile / Cyberbullying,1
439,Grass only looks greener on the other side when you're staring over the fence instead of mowing your own lawn.,Safe / Constructive,0
440,"Based on your tax returns just for 10 years, NY Times concludes you were a terrible business man (a total loser, in fact",Safe / Constructive,0
441,"Turning Point USA's UNLV president: ""We're Gonna Run the Country! White Power! F**k N*****s!""",Hostile / Cyberbullying,1
442,"To my young followers, please don't engage in cybercrime or yahoo yahoo. You will only be destroying your own future. Work",Safe / Constructive,0
443,"Remember when the Post got all over Eric Holder for stonewalling Congress, being found in contempt and for declaring himself",Safe / Constructive,0
444,People always thought that having anxiety is okay and some of them think those people really don't know how to control it. P,Safe / Constructive,0
445,"We think you ought to know, dear brothers and sisters, about the trouble we went through in the",Safe / Constructive,0
446,. FOIA disclosures help lead to criminal referral on Russiagate targeting of .,Safe / Constructive,0
447,"Vegan Orange ""Chicken"" Stir Fry With Cauliflower - Tag someone who would this! food foodpo",Safe / Constructive,0
448,they look so damn expensive,Hostile / Cyberbullying,1
449,"I look at my wife, and she's in short skirts. Crop top. Boots. Lookin fine. Me: who told you that you could look that b",Safe / Constructive,0
450,Why is ISuza still on the pitch. He needs to be subbed and sold immediately. MashemejiDerby INGWE,Safe / Constructive,0
451,2014- Modi means Business 2015- Why Modi matters 2019- India's Divider in CHIEF. Modi's achievement in 5 yrs! https:/,Safe / Constructive,0
452,"One of these days someone's gonna write an abo fanfic, change the names of the characters and get it published. It's going",Safe / Constructive,0
453,"Wish I had a bullshit teller... Not a fortune teller, but a bullshit teller, so I would know if she was worth the b",Hostile / Cyberbullying,1
454,"Dear Darla, you make me sick. You are the scum between my toes.",Hostile / Cyberbullying,1
455,the modelling industry is so damn toxic the fact that everyone thinks they need a certain stomach makes me so mad,Hostile / Cyberbullying,1
456,"I honestly think it was a very bad mistake, no one would be stupid enough to tweet that if they actually meant it,",Safe / Constructive,0
457,Today I pray that the money you need for that bill you're worried about finds you.,Safe / Constructive,0
458,Plain woven raffia cloth (mkpuru?) taken from the Igbo ('Eboe') country by William Baikie before 1856. British Museum. The firs,Safe / Constructive,0
459,to the sick mf who violated me and is acting all innocent on twitter.,Hostile / Cyberbullying,1
460,"Wow, what a delusional man! Fake in ever way.",Hostile / Cyberbullying,1
461,"""That's it, Democrats,"" writes . ""Put just one Trump minion in jail for contempt, and you'll show that you",Hostile / Cyberbullying,1
462,"Rudy, you're either a lunatic, or senile!",Hostile / Cyberbullying,1
463,"confession no 1: ""Little bit tired today cuz homework and i need to wake up fast tomorrow, i hope im doing fine with myse",Safe / Constructive,0
464,"me at 6 y/o: bilingual, cute, smart, quiet, mentally healthy, able to do math with my fingers me at 20 y/o: illiterate, ugly",Safe / Constructive,0
465,"Oh a ""refs you suck"" chant? So original.",Hostile / Cyberbullying,1
466,So spineless a strong wind would blow him away.,Hostile / Cyberbullying,1
467,It was Trump who cheated on his wife.After she,Hostile / Cyberbullying,1
468,I'm going to enjoy your bullshit chairmanship blowing up in your face today when questions in the hearing,Hostile / Cyberbullying,1
469,"While Shias are protesting against enforced disappearances outside President 's house, banned sectarian outfit ASWJ",Safe / Constructive,0
470,Omg he's so gross! This just turned my stomach,Hostile / Cyberbullying,1
471,"How!!!!! We have 11 defenseman! Stop the madness, we need to spend some money on putting the damn puck in th",Hostile / Cyberbullying,1
472,Who was president in 2016? What did he do about it? ObamaSpiedDemocratsLied,Hostile / Cyberbullying,1
473,I think people need to realize that not all art is for everyone. People who find 's i,Safe / Constructive,0
474,Is there someone close 2 U that you can talk to? Ill tell you this: being 14 can really suck. But not getting to be 15 sucks way,Hostile / Cyberbullying,1
475,WHAT THE HELL Couldn't they have found a Cebuano host instead? This is terribly ill informed.,Hostile / Cyberbullying,1
476,"TUNE IN TODAY!! ""EVERYTHING"" SouloftheStreets 3-5pm EST",Safe / Constructive,0
477,Damn why you gotta leak her nudes like that,Safe / Constructive,0
478,"Reporter asks : ""Let's just say a snake bit your mom in the chest area, would you suck the venom out to win the t",Safe / Constructive,0
479,Makasih udah nayangin the biggest boyband in the whole world BTS di breakout! I purple you! (Means i l,Safe / Constructive,0
480,"Morning, If I've exclude a transaction is there away to unexclue it?",Safe / Constructive,0
481,me after getting my popcorn ready for jeffree's video and then hearing him say he's not posting receipts,Safe / Constructive,0
482,"And if you find a Filipina, and she's fine, you better keep her. Cuz there ain't nothing like a Filipina girl.",Hostile / Cyberbullying,1
483,do i want to die or do i just want to stop feeling empty everyday,Hostile / Cyberbullying,1
484,'it's only embarrassing if you're embarrassed' and that's the mood for the rest of 2019 thank u next,Hostile / Cyberbullying,1
485,"If you ever want to pray for me, then pray that the shahada will always be engraved in my heart until my final breath on this",Safe / Constructive,0
486,Trying to find those jokes about StephCurry being trash. Steph just took out trash. STEPHBETTER,Hostile / Cyberbullying,1
487,"The same man has been seen in another video being racist towards an elderly Asian man, who's also been pushed in a foun",Hostile / Cyberbullying,1
488,"I also hope you'll all join me in my ""idiot dragon"" reading of the finale",Hostile / Cyberbullying,1
489,Guuuurls got skills! Lmfao,Hostile / Cyberbullying,1
490,Men race is a subordinate of women,Hostile / Cyberbullying,1
491,"Sun, 19 May 2019 21:50:00 +0900",Safe / Constructive,0
492,"hi i need mutuals so please if you stan nex7 nine percent unine mr tyger oner mr-x rocket girls snh48 wayv luhan,",Safe / Constructive,0
493,I want ya to ACKNOWLEDGE AND APOLOGIZE TO ME.,Safe / Constructive,0
494,"Oh glory days, the are TRIGGERED. Couldn't happen to better bunch of morons. People are sick of being told we are racist (",Hostile / Cyberbullying,1
495,"The Beltway take on Barr is that he's a good man corrupted by proximity to . Actually, he's always been",Hostile / Cyberbullying,1
496,The worst thing is there're counterfeits. You could actually die I don't trust wow,Hostile / Cyberbullying,1
497,"OMG, and I thought LePage was a nut-case.",Hostile / Cyberbullying,1
498,OMFG you will go down in history as the absolute worst politician we have ever had. The,Hostile / Cyberbullying,1
499,"THE BIG 5-0 Congratulations to our Coaching Director, Mr. Jon Parry, on his fiftieth birthday! He has worke",Safe / Constructive,0
500,I need to rave once a month for my mental health,Safe / Constructive,0
501,Like after they hand you their buisness card?,Safe / Constructive,0
502,"Lindsey, it's not over until the fat lady sings! But you probably don't know any, fat or otherwise!",Hostile / Cyberbullying,1
503,"My sister doesn't have a twitter, she's only 14 but dammmmn she's gonna go far!!",Hostile / Cyberbullying,1
504,"Me: Man, 2018 was the rainiest year ever, especially on the weekends. At least it can't get any worse. 2019: Here",Safe / Constructive,0
505,"2019 MTV BRA Metrics ""BEST FANDOM"" (Estimated Total Update) 1. : 5.1M 2. L: 4.6m 3. B: 89K 4. P: 21K Cate",Safe / Constructive,0
506,'I am proud to be a gay son of God.' This valedictorian came out during his graduation speech at Mormon university BYU h,Safe / Constructive,0
507,"Simple, don't want to pay the rate? Don't take the card or don't carry a balance. Easy!",Safe / Constructive,0
508,". calls Oleg Deripaska a ""bottom-feeding scum sucker.""",Hostile / Cyberbullying,1
509,You're very foolish for that question mark,Safe / Constructive,0
510,: whose room is this? : my room : its big right? : ah. why? : w-why?? : its the same as mine : the same?!! :,Safe / Constructive,0
511,Conservatives on abortion: We want a ban! Conservatives on gay marriage: We want a ban! Conservatives on immigration: We w,Hostile / Cyberbullying,1
512,".: House Casten, sigil a white shark trailing fish on a field of deep blue, words ""The Blood Will Tell""",Safe / Constructive,0
513,god watching young gays sneak into bathroom stalls at the church to suck each other off during christmas congregation:,Hostile / Cyberbullying,1
514,Cmon dude. Keep it on the damn fairway. Don't give this away!,Hostile / Cyberbullying,1
515,Am I the only one who is fearful of their own words because you don't know how stupid you may sound or some might not,Hostile / Cyberbullying,1
516,She's pretty. She's cute. She's pretty damn cute.,Safe / Constructive,0
517,Did I read this core? Pathological liar Comey has been lying to himsel and the public for years. This is just anoth,Hostile / Cyberbullying,1
518,"Any good Defence Attorney would tell ya, Don't piss off the Prosecutor !!!",Hostile / Cyberbullying,1
519,Sometimes I get mad at myself Bc I was really close to certain people that I'd never ever want to be friends w again. I se,Safe / Constructive,0
520,"No, most Americans think you are a disgrace. Case closed.",Hostile / Cyberbullying,1
521,Third Question: Which President allowed a man he knew was under investigation for 'contact with Russian government' to b,Hostile / Cyberbullying,1
522,69 Followers away from finally getting a creator code...lets get it! BDRKGAMING,Safe / Constructive,0
523,"My mom was a single mother, unmarried, daughter of a Pentecostal preacher, with a rare blood disease an",Safe / Constructive,0
524,"twitter got y'all stupid, he was a better scorer than both of them",Hostile / Cyberbullying,1
525,BREAKING: President Trump planning to formally designate the Muslim Brotherhood as a terrorist organization. The US would,Hostile / Cyberbullying,1
526,Go Go Go HeyDayxPerthSaint,Safe / Constructive,0
527,Me having a mental breakdown during the break of the APUSH exam knowing I still don't know how to HIPP documents for t,Safe / Constructive,0
528,While GOP cut $1.5T in taxes for millionaires billionaires tried to ban Muslims from immigrating to America a Muslim i,Hostile / Cyberbullying,1
529,"ugh he's OWNING the carpet as usual, nobody else could EVER",Safe / Constructive,0
530,BECAUSE HE'S FAT HAHA. BIG SEXY LMAO!,Hostile / Cyberbullying,1
531,"thank you so much nobody deserves to go through something as horrid as that, you're so strong ah",Safe / Constructive,0
532,"Oh, you're welcome. Not everyone is blessed to have me in their life... LMFAO I'm kidding. I'm just being me man",Hostile / Cyberbullying,1
533,"And so Maghavan heard Sudas' cries for help, and so he sent forth mighty bolts to help the young chief, like a conquering he",Safe / Constructive,0
534,"Mary Jane doesn't need superpowers. She's just a badass. Gerry Conway, Alex Saviuk, Keith Williams",Hostile / Cyberbullying,1
535,omg in 7 months i'll be 19 and im here trying to figure out what adulting would be like.,Safe / Constructive,0
536,jakki nair hot song fom f*uck buddies webseries,Hostile / Cyberbullying,1
537,If you're an anti-vax candidate I will not vote for you and no one else should.,Hostile / Cyberbullying,1
538,"America is just a series of terrorist attacks that they won't call terrorism, and we just try to live around/between them.",Hostile / Cyberbullying,1
539,Clive Palmer contracted a labour hire company to recruit and pay people to hand out his 'how to vote' cards at polling,Safe / Constructive,0
540,"Better stop drinking coffee dear, you're making Muslims rich",Hostile / Cyberbullying,1
541,Breaking: Mike Trout has been banned from any future games at Wrigley Field.. Clearly Mike Trout is a racist. CubsOverreac,Hostile / Cyberbullying,1
542,Lakers fans outside staples are making us all look stupid. Our front office isnt even in that bad of shape. Espn ju,Hostile / Cyberbullying,1
543,The James Charles situation is yet another reminder that people gotta stop giving white gays the benefit of the doubt when,Hostile / Cyberbullying,1
544,Teaching my kids transgenders are anything but mentally ill will get you set on fire.,Hostile / Cyberbullying,1
545,"Those ""invaders,"" you stupid little racist child, do a lot of the agricultural and construction work th",Hostile / Cyberbullying,1
546,On the road again! (sing it with me). We're on our way to GiGi G-Pawls to help them and to celebrate Mother's Day,Safe / Constructive,0
547,Embroidery would be a good place to start. Children have very small hands that are well-suited to fine needlework.,Safe / Constructive,0
548,Yeah I'm knowin' and you know why nail thought mental ever dem try pigeon hole me get crucified can't clone this ed,Safe / Constructive,0
549,They'll get no business off me!,Safe / Constructive,0
550,"I'm so tired of the "" sTOp HAvIng UNpRotEcTed SeX thEN "" argument simply b/C I got pregnant even while using a condom .. y'all annoying af.",Hostile / Cyberbullying,1
551,"ah, I get it...SNP supporters abused you",Hostile / Cyberbullying,1
552,Watching this kid trying to step up and walk with that crutches is the best thing in the world. So idiot,Hostile / Cyberbullying,1
553,NikkieTutorials was supposed to collaborate with Blackpink but they had to cancel cause they were sick,Safe / Constructive,0
554,Abortion? BAN IT! Birth control? BAN IT! Sex Ed? BAN IT! Guns? Ok look banning things never works. People will always f,Hostile / Cyberbullying,1
555,Need one asap any1 ik drop user,Safe / Constructive,0
556,"""Don't Need No Hateration, Holleration in this Danceree""",Safe / Constructive,0
557,im tired of white people saying you can be racist towards them pls,Hostile / Cyberbullying,1
558,Stephone Gilmore is trash.,Hostile / Cyberbullying,1
559,Damn old people get on my nerves,Hostile / Cyberbullying,1
560,"Who allowed me to bleach my hair. What was I going thru. Why did I leave it like this for so long smh, lookin like a damn fool",Hostile / Cyberbullying,1
561,imagine being so dumb you actually need a SIGN to tell you not to be a bigot,Hostile / Cyberbullying,1
562,"""I found you."" ""I found you too."" 181014 Kangdaniel",Safe / Constructive,0
563,If I ever get married I want my ring to look like this!,Safe / Constructive,0
564,I just looked them up. My goodness you're right. They're a bit Pterodactyl-ish,Safe / Constructive,0
565,tati westbrook just grabbed the sexual predator and manipulator james charles by the neck and DRAGGED him and his career st,Hostile / Cyberbullying,1
566,"No shade, no tea about David Beckham. He's a very beautiful man. And I hear tell that he's very good at whichever s",Hostile / Cyberbullying,1
567,wendy stans come get ya food *__*,Safe / Constructive,0
568,Every day I see less morality and values from this corrupt presidency. Here is my position. Don't any of you trump suppor,Hostile / Cyberbullying,1
569,You had a coup against the sitting President of the United States lead by a bunch of treasonous scum that previously s,Hostile / Cyberbullying,1
570,The X-Plus 30cm Series Yuji Sakai Godzilla 1995 RIC sold out at the U.S. store a couple of days ago. Now it's sold,Safe / Constructive,0
571,"When you're on your 5th ""damn that's crazy"" and they still haven't stopped talking",Hostile / Cyberbullying,1
572,Damn skippy! It's perfect!,Hostile / Cyberbullying,1
573,You're making mouth all over social media as if you're the Abraham Lincoln of the Fraud Society. EFCC came to give you,Safe / Constructive,0
574,"The Senate President, Bukola Saraki, Deputy Senate President, Ike Ekweremadu have hailed Nigerian workers for playi",Hostile / Cyberbullying,1
575,Lmao people who don't like me but don't have the spine to confront me really show themselves in the likes of tw,Hostile / Cyberbullying,1
576,Labour's reckless plan would hand benefit payments to the rich and cut support to those that need it most. It would a,Safe / Constructive,0
577,"Idiotic MPs,they go to hell",Hostile / Cyberbullying,1
578,"Well im glad that i live in Serbia, migrants and islamists are not welcome here!",Hostile / Cyberbullying,1
579,So in other words a dude that would suck a fart out of you.,Hostile / Cyberbullying,1
580,"So apparently, shownu and hyungwon spend the night together. WE NEED SOME SELCAS U JFHSKHSJDJA",Safe / Constructive,0
581,"Jake Paul: bro, you're a bully and you hurt my feelings Cody Ko:",Hostile / Cyberbullying,1
582,Vegans think they're so sick,Hostile / Cyberbullying,1
583,the worst feeling is when u find out u didn't mean as much to someone as u thought u did and u look so stupid for caring,Safe / Constructive,0
584,2 Please think of the Sick poor who need the NHS . Who has a private ambulance in an emergency ? BrexitParty,Safe / Constructive,0
585,I think about this guy's face and get happy then immediately angry just because...,Safe / Constructive,0
586,no offence but a follow from would suck,Hostile / Cyberbullying,1
587,L O O K AT HIS ARMS THEYRE SO BUFF,Safe / Constructive,0
588,"Your all time favorite President got tired of waiting for China to help out and start buying from our FARMERS, the gre",Safe / Constructive,0
589,"Americans be like ""i can excuse killing thousands of children in the middle east but i draw the line at getting rid of a cl",Hostile / Cyberbullying,1
590,we going 1M for her birthday rt or you're homophobic,Hostile / Cyberbullying,1
591,Meet The Press has that old hick on John Kennedy. He's as much of a liar as tRump and the rest of the GOP.,Hostile / Cyberbullying,1
592,Suddenly i want to work in TR IOI PUTRAJAYA,Safe / Constructive,0
593,Susie Rabaca needs your help.This mother of newborn twins found out she had cancer while she was 8-months pregnant.,Safe / Constructive,0
594,I THINK WE ALL ARE GONNA DIE AFTER SOME MINS,Safe / Constructive,0
595,"you put the ""utu"" in OUR ""future""",Safe / Constructive,0
596,"LOL, the dems have jumped into bed with the alphabet people. They and the dems jumped into bed with islam. But hey,",Hostile / Cyberbullying,1
597,your momma so dumb she thought fight for 15 was about lowering the age of consent,Hostile / Cyberbullying,1
598,"This is such an accurate statement, you're the most loyal queen",Safe / Constructive,0
599,"my sister thought she was so slick coming into the house drunk, my dad caught her exposed tf out of her",Safe / Constructive,0
600,I got one out but the other ones can't be taken out since they're close to my nerves,Safe / Constructive,0
601,"bun him anyway, he cheated",Hostile / Cyberbullying,1
602,This is devastating to the false narrative that the left wing media has feed the American people for over Two years.,Hostile / Cyberbullying,1
603,dont do this sean i think youll die if you uphold this dare,Hostile / Cyberbullying,1
604,"not only is james charles racist, transphobic, and a predator, but his screenshots are poorly photoshopped and still the T",Hostile / Cyberbullying,1
605,ITS GETTING SO BAD WHERE I AM AND IVE GOT TO GET MY MOM DAD OUT THEY HAVE NO IDEA WHATS COMING THEIRS I,Safe / Constructive,0
606,Kylian Mbapp at 20: - 1 x World Cup - 1 x U19 Euros - 3 x Ligue 1 - 1 x Coupe de la Ligue - 1 x Coupe de France - 1 x Troph e de,Safe / Constructive,0
607,Me: 5sos are such idiots Someone else: 5sos are a bunch of idiots Me:,Hostile / Cyberbullying,1
608,Bill Barr's inability to answer 's question about whether the president or anyone in the White House su,Hostile / Cyberbullying,1
609,"Just when you think the topic of abortion couldn't get any more vile, Alabama Democratic State Rep John Roberts comes a",Safe / Constructive,0
610,"""""What do we do if a migrant has come from a country without a functioning government? Think Somalia, Eritrea, Yeme",Safe / Constructive,0
611,kp*ppies kinda suck like Wow,Hostile / Cyberbullying,1
612,Faker. Loser. Liar. Make Sims go away. Vote him out.,Hostile / Cyberbullying,1
613,Remember the radio show with Jill Darke (I think that was the name) and the signs of the Zodiac I think that's what it was called.,Safe / Constructive,0
614,I mean I hate Taylor Swift too but I'm not about to say she's copying Beyonc ! I will say Beyonc did it better tho,Safe / Constructive,0
615,I forgot my debit card at home and the women at the drive thru at popeye's said come back hun. What a saint! We need more people like that!,Safe / Constructive,0
616,"""You've never seen what happens when a dragon grows greedy. Have you~?""",Safe / Constructive,0
617,Whoever forgot to tell Putin about that carpet better not go near open windows in tall buildings this weekend.,Safe / Constructive,0
618,"President Trump has exceeded all of my expectations. Not only is he a stellar President, he is a wonde",Safe / Constructive,0
619,it's mental health awareness month i don't think i've ever been less mentally healthy,Safe / Constructive,0
620,Me everytime I go out but someone always hands me a damn drink,Hostile / Cyberbullying,1
621,Will probably go to United the traitor,Safe / Constructive,0
622,The incredibly orange idiot w/ the syphilis riddled brain is PROJECTING again. He's lying about John Kerry violating the L,Hostile / Cyberbullying,1
623,"""i need a little more luck than a little bit 'cause every time i get stuck the words won't fit and every time that",Safe / Constructive,0
624,"That look on Bernie's face is priceless. ""I've spent 20 years developing this con and this dumb br",Hostile / Cyberbullying,1
625,All I hear is my siblings coming in the house. Ewww what's that awful smell Jesss did you poop again??? Me I'm sick sorry,Hostile / Cyberbullying,1
626,Damn are you serious!!!!! I just followed you this morning. I left mine at the gym earlier today and now I,Safe / Constructive,0
627,The fact that the president feels that these horrible crimes shouldn't be punished because of the ethnicity of the victims r,Hostile / Cyberbullying,1
628,Cristiano Ronaldo 2011/12 The Most Complete Player Ever,Safe / Constructive,0
629,: who do you want to collaborate with? : RM!!!!! R~~M~~!!!! : come on shut up : [BBMAsTopSocial BTS ] ht,Safe / Constructive,0
630,A bad deal was totally ruled out by the same vile idiot. The EU and the rest of the world were going,Safe / Constructive,0
631,Lol you'll probably never place one again unless your in urology,Safe / Constructive,0
632,This is exactly how I feel like when I see a tranny like this disgusting af,Hostile / Cyberbullying,1
633,Dany was still be on that damn dragon lmfksjznwhz,Hostile / Cyberbullying,1
634,You never know the truth until it slaps you in the face,Safe / Constructive,0
635,"Either way he did need to go, a fireplace salesman in charge of the MoD, it's a no from me.",Safe / Constructive,0
636,"BREAKING: Out of all the videos from yesterday one stood out for me. The speech from Pakistani Mo Fyaz. ""I'm sick of",Hostile / Cyberbullying,1
637,The worst ending ive ever seen!! BRAN?????? this is bullshit GameOfThronesFinale,Hostile / Cyberbullying,1
638,"""You ever cry again, it's gone be in a Rolls Royce"" ... Lordtttt I need that type of energy!!! Lol just someone who doesn't w",Safe / Constructive,0
639,"Because President Trump puts the soldiers, sailors, airmen/women, Marines above terrorist",Hostile / Cyberbullying,1
640,"1T having fun with food and restaurant planning in English today! We're all hungry now! A big well done to Jack,",Safe / Constructive,0
641,Italian looteri and her moron son along with the Bipolar mood disorder affected insane daughter could not able to stop,Hostile / Cyberbullying,1
642,Lock up all of them Corruption,Hostile / Cyberbullying,1
643,"Mr Modi, You just said in UP that after 2014 there has been no "" dhamaka"" didn't you? You were lying. Your lie has been fu",Hostile / Cyberbullying,1
644,"Do you want to see our TOTAL VOTES ACCUMULATED FOR TODAY? To unlock 11,000 RTs 4,000 Replies In just 1 hour... #",Safe / Constructive,0
645,Is it just me that I see Bucky as Bi rather than gay???,Hostile / Cyberbullying,1
646,what a disgusting man and disgusting religion. He admits that muslim buy all their wifes ! .pff...This is why all muslims are poor...islam keeps them stupid !,Hostile / Cyberbullying,1
647,"This reminds me of how dictators in third world countries work. Huh, guess that's America now",Safe / Constructive,0
648,halsey: *performing* namjoon: GO BESTFRSN THATS MY BESTFRANNN GO BESTFRAN!!!!!!!,Safe / Constructive,0
649,i dont think the question is who bts wanna collab with. its more like who wants to collab with bts uhhh like get in,Safe / Constructive,0
650,"People will tell you what they want you to know, you'll rarely if ever get the whole story unless you end up in a p",Safe / Constructive,0
651,I can't figure out why anyone would trust the loser that lost over a billion dollars TheBiggestLoser,Hostile / Cyberbullying,1
652,MOOD SAME BUT THEN AGAIN THE REASON IT PROBABLY WON'T WORK OUT IS MONEY AND WE ARE SEARCHING FOR WAYS T,Safe / Constructive,0
653,I know how hard it is to just sit back and everything feel out of your control. You're going to be thankful you didn't,Safe / Constructive,0
654,I really don't want to start my weekend off this way - yet here I am. This vile post should be labeled a lie-,Safe / Constructive,0
655,Zach Pronschinske gets a pair of strikeouts to end the bottom of the eighth as UW-Whitewater strands runners at fir,Safe / Constructive,0
656,There's probably a reason you're car is getting searched 3x. LivePD,Safe / Constructive,0
657,I'd say expose because he's literally cheating but you know how some girls are when you tell them what their men are up to .,Safe / Constructive,0
658,Well this is a *heck* of a piece of writing. I'll be pointing people to it and quoting from it for a long time to come -,Safe / Constructive,0
659,People can't even get surgeries no more. Wtf is going on. They turned up the mind control on the c,Hostile / Cyberbullying,1
660,"Kyungsoo: ""Someday I want to do music that I want to do. Because I also like singing, I don't know when it will be, but I th",Safe / Constructive,0
661,You have no shame so where is the question of being ashamed? 0 contribution towards country by you so your value is -0 http,Hostile / Cyberbullying,1
662,He should go back to white face...,Safe / Constructive,0
663,me: i should go to bed early tonight me at 2 am:,Safe / Constructive,0
664,So great of you Ellen to give a such talented guy a leg up and help him live his dreams.,Safe / Constructive,0
665,"Here's Corbyn's adviser Andrew Murray (father of Labour's head of complaints), defending the murderous tyrant, Stalin. 'S",Hostile / Cyberbullying,1
666,They never have any facts... Just out of control emotional rhetoric. Had to stick up for my President !,Hostile / Cyberbullying,1
667,"""Congratulations - you're the second baddest man on the planet behind me."" - congratulates W",Safe / Constructive,0
668,alina did too but you don't see me yapping cuz she's actually talented oopsie if yo,Hostile / Cyberbullying,1
669,"I'm a shadow of my former self. It's detrimental to my mental health. Yet again I feel numb, struck dumb as my word",Hostile / Cyberbullying,1
670,"As for bullshit being put about by people who do know better, neither of the two biggest groups in the EP are going to get",Hostile / Cyberbullying,1
671,I think an English muffin was intended to be a toast muffin. Yet it didn't quite work out that way be,Safe / Constructive,0
672,get in loser we're healing from past trauma and changing our negative coping mechanisms,Safe / Constructive,0
673,2 people followed me // automatically checked by,Safe / Constructive,0
674,"Today, I attended the Fidau Prayer for the late Hajia Hanatu Nagode, the Agbesinga Adini of Ansarul Islam Asalatu Women's",Safe / Constructive,0
675,not a damn day passes where i do not think about this,Hostile / Cyberbullying,1
676,and that idiot is doing worse than Nielsen and still you refuse to hireko,Hostile / Cyberbullying,1
677,Is he trying to save his own AZZ now? Have the Republicans that put that fool in office (UTA,Hostile / Cyberbullying,1
678,"Fort Greene Brooklyn location tonight - At checkout I had a cashier ignore me, then YELL at me to get b",Hostile / Cyberbullying,1
679,creme brulee or brown sugar milk tea or what so called trendy drinks like this are just basically sweet cendol with harga ya,Safe / Constructive,0
680,Who's in bed with Russia. We know you Dems are evil! Hillary sold our Uranium to th,Hostile / Cyberbullying,1
681,So I promised my wife that when she moved to Lagos she would get a lot of jobs and I am bent on keeping t,Safe / Constructive,0
682,You know humanity is retarded when you can't find any drill machines which can work in tight spaces (like dentists,Safe / Constructive,0
683,wow just 2 years ago jaehwan was in the same position as them as the independent trainee in produce 101. but now he's an,Safe / Constructive,0
684,Father of Colorado school shooter Alec McKinney is serial felon and illegal immigrant,Hostile / Cyberbullying,1
685,OMG! I'm going to SS7SinJKT!!! Best advance birthday gift ever!!!! Thanks to my ever supportive hubby! PremiosMTV,Safe / Constructive,0
686,"Because you're an idiot. That is what they are saying, they think were all idiots.",Hostile / Cyberbullying,1
687,"This is what happens when a ""master debater"" who's approach is to machine gun as much bullshit as quickly",Hostile / Cyberbullying,1
688,YOU'RE FRIENDLY WITH ALL BANGTAN JIMIN AND YOU ARE SOULMATES,Safe / Constructive,0
689,Weak minded? What makes Remoaners such insufferable twats? Was it not getting your own way?,Hostile / Cyberbullying,1
690,"Wow, thats not at all what she said. Youre either really dumb and have reading comprehen",Hostile / Cyberbullying,1
691,you got a protest vote I think you're getting slightly carried away It is il,Safe / Constructive,0
692,"Why does this country seem so determined to plumb all the depths of evil now, I want us to be the opposite, I want",Safe / Constructive,0
693,"Sun, 19 May 2019 23:50:00 +0900",Safe / Constructive,0
694,go go go go!!!!!!!!!!!!!!!!!!!!,Safe / Constructive,0
695,"If you make art, you're an artist. If you're just learning, you're still an artist. If you don't make money from art, yo",Safe / Constructive,0
696,Can we just agree at this point that everything this corrupt traitor does is shocking and inappropriate? That everything he,Hostile / Cyberbullying,1
697,"Thanks for the info ___ I already knew , God's got a good plan and He's working it all out Nothing surprise God He'",Safe / Constructive,0
698,Adam Schiff says United States won't be able to survive another 4 years of Trump. Full Video: http,Hostile / Cyberbullying,1
699,"Dear Attorney General Barr- Today you disgraced our great country. You're clearly a fraud, a liar and a cheat. You didn't look",Hostile / Cyberbullying,1
700,This pic is enough to shut this traitor's mouth.,Hostile / Cyberbullying,1
701,"Rent out the house, use the money to fund your adventures! Go go go!!",Safe / Constructive,0
702,"No, the local elections 2019 have becom",Safe / Constructive,0
703,mamma mia here we go again,Safe / Constructive,0
704,You were righteous and fierce. We're gonna need more of that if we're ever gonna crawl out of this slagheap of corruption.,Safe / Constructive,0
705,D'Antoni got to be the worst coach ever. Hyped up gas. Sits on the bench and calls no plays.,Safe / Constructive,0
706,Taliban and all people with this thought must hanged,Hostile / Cyberbullying,1
707,Raise your hand if you think Trump should designate both the Muslim Brotherhood AND Antifa as terrorist organizations,Hostile / Cyberbullying,1
708,"Seems like a trend for presidents to do nothing, huh big orange?",Hostile / Cyberbullying,1
709,OK I'LL POST MORE INFO SOON BUT I'LL BE GIVING AWAY A FREE JIMIN BOOKMARK! idk why im talking in caps loool a thank yo,Safe / Constructive,0
710,FACE OF MAY 2019 Vote by Retweeting To register for Face of June Get started here - Then pay,Safe / Constructive,0
711,"Donald Trump is guilty of so many crimes that he's been president of the United States for 839 days, has all but erased",Safe / Constructive,0
712,"Ex-Muslim: I left Islam. Muslim: So? Why do you have to tell everyone? What are your qualifications, you ignorant atte",Safe / Constructive,0
713,Father of Colorado school shooter Alec McKinney is serial felon and illegal immigrant So is this why there is no covera,Hostile / Cyberbullying,1
714,why haven't you faggots taken the bi-pill yet,Hostile / Cyberbullying,1
715,"When a girl suddenly stop singing while she's bathing... My brother, just know that she's washing her Iskaba Iskelebete Iskolo",Hostile / Cyberbullying,1
716,"Hi I'm Fiona Bruce. Tune in to the death of irony tonight when the question ""should a person be taken off air for racist co",Hostile / Cyberbullying,1
717,"He's an idiot, and worse than that, a Tory. But I'd like to see the media use their connections to at least researc",Hostile / Cyberbullying,1
718,Scroll down Keep scrolling now you're obligated to stre,Safe / Constructive,0
719,Don't bring me into this it's you're own personal problem.,Safe / Constructive,0
720,just found out girls can die,Hostile / Cyberbullying,1
721,And trump wasn't on camera saying he grabs women and they all want to sleep with him. He,Safe / Constructive,0
722,Glad I picked comfort food for dinner tonight. Roasted turkey breast and greens with ham hocks.,Hostile / Cyberbullying,1
723,Scroll down Keep scrolling now you're obligated to rt and rep,Safe / Constructive,0
724,"2016: Racist Milkshake Duck 2019: Racist: ""Milkshake? Duck!""",Hostile / Cyberbullying,1
725,Damn ok BBMAsTopSocial BTS,Hostile / Cyberbullying,1
726,8 year old me planning to run away after a butt whooping,Hostile / Cyberbullying,1
727,if this camerawork is trash im gonna ACTUALLY cry it's 8 AM IN THE MORNING HERE and european african and asian ARMYs b,Hostile / Cyberbullying,1
728,"British guy (old, stupid looking): You once wrote that Palestinians are toilet diarrea. I agree that we should kill them bu",Hostile / Cyberbullying,1
729,BarrResign Liar Liar you should be fired but the President is a weenie and a meanie,Hostile / Cyberbullying,1
730,"Stop playing the race card every time people don't agree with you. We are not racist, we just disagree with you. By n",Hostile / Cyberbullying,1
731,WE'RE NOT LOVERS WE'RE JUST STRANGERS WITH THE SAME DAMN HUNGER,Hostile / Cyberbullying,1
732,lol i think boys are stupid,Hostile / Cyberbullying,1
733,You know how Thor has a torn half-cape in Ragnarok? Loki would tear/cut his cape as he,Safe / Constructive,0
734,You will never catch me at Lake Lanier. I been did my research years ago on that.,Safe / Constructive,0
735,"He's an attorney ffs and doesn't know what ""suggest"" means...LockUpBarr",Safe / Constructive,0
736,This is not to throw any shade. Some people literally never have their kids. Not me. My kids go everywhere I go.,Safe / Constructive,0
737,if you think Republicans should be giving Trump awards and THANKING him for what he's done for our country not talkin,Safe / Constructive,0
738,"damn, i'm missing you again",Hostile / Cyberbullying,1
739,Rockets get two games to beat warriors with no KD. Zero excuses,Safe / Constructive,0
740,"I will never get tired of saying this - NO ONE DOES IT LIKE HOSEOK ,,, SMOOTH LEGEND OMG BTSatMetLife",Hostile / Cyberbullying,1
741,"May 2017, a SEAL medic was treating a wounded 15 y/o Islamic State fighter. ""He's mine,"" Gallagher said. ""Gallagher walked u",Safe / Constructive,0
742,Nah I'm about sick of not being able to fall asleep,Safe / Constructive,0
743,Where's your favorite place to travel to? I need ideas for my master list. (Only post if you've actually been),Safe / Constructive,0
744,I bet you're not doing what you're supposed to be doing right now.,Safe / Constructive,0
745,the white kid that threw a water balloon at me in 3rd grade is a domestic terrorist that tried to cowardly attack the Maltese,Hostile / Cyberbullying,1
746,i hate psy stat for making me go to school at 8 on a FRIDAY but at least a) i was cute and b) our presentation went,Safe / Constructive,0
747,"All you need to know about Lindsey Graham is in this short video clip below, where he winks and smiles before restarting the Ba",Safe / Constructive,0
748,And thank God you're standing up. People r going2 have to accept a little pain. But when we come o,Safe / Constructive,0
749,The planet isn't going to die. The rock that orbits the sun will be fine and the life left will continue on a new path o,Safe / Constructive,0
750,you were supposed to double text me idiot,Safe / Constructive,0
751,.: Has the President or anyone else at the White House ever suggested that you investigate anyone? Yes or no,Safe / Constructive,0
752,"You're for Impeaching Trump? Well, I hope you lose re-elecction.",Safe / Constructive,0
753,Looney I'm sorry! You ain't trash no more big dog. warriors,Safe / Constructive,0
754,you're obviously an idiot. Your tweets get sent to me. Can you imagine if I started calling you out of you,Hostile / Cyberbullying,1
755,"""WhAT's THe moVe tONiGht?"" Stfu you're failing two classes go study",Safe / Constructive,0
756,Family Entertainer Movie By - Total Record Uhm Close Record Breaking https:,Safe / Constructive,0
757,"Nobody: Me: ""Damn what I was finna say?""",Hostile / Cyberbullying,1
758,Golden State Warriors emotional leader Draymond Green got a bit of a reprieve Wednesday when the NBA league office,Safe / Constructive,0
759,"WE'RE COMING We're taking our country by storm, ""bigger than ever before"". People from all races are getting smart. B",Hostile / Cyberbullying,1
760,Muslims want war! So take it to them first,Hostile / Cyberbullying,1
761,"""he took my virginity and left me for his SISTER. TRASH"" BriennesBurnBook GOTFinale",Hostile / Cyberbullying,1
762,"i know you're addicted. You need your fix of my delicious, outstanding booty. you're going to have yet another round of worsh",Safe / Constructive,0
763,Graham should have been kicked off this Committee. He has proven he is a traitor to America and Trumps,Hostile / Cyberbullying,1
764,Scroll down Keep scrolling now you're obligated to reply wi,Safe / Constructive,0
765,"i need to get strapped down, any mommies volunteer",Safe / Constructive,0
766,"118 days in our foster sanctuary away from her homeless owner, 1 high court injunction served on a London borough council",Safe / Constructive,0
767,"Non-spoiler thoughts: I thought the Game of Thrones finale was perfect. I found it to be cathartic and poetic. Oftentimes,",Hostile / Cyberbullying,1
768,Coming close to 150 followers and I'm thinking of doing a giveaway,Safe / Constructive,0
769,KeptSecretxXx 2019 (Kept Secret + Tyler Winxx) Got Damn It!!! Got Damn It!!!! KeptSecret Diggin' Out TylerWinxx Pr,Safe / Constructive,0
770,Poll: 45 percent of Americans say Trump should be impeached,Hostile / Cyberbullying,1
771,"Remember Monty Python and the Holy Grail? ""You don't vote for Kings.""",Safe / Constructive,0
772,Done repeating myself if you don't act ya part ya getting replaced sorry not sorry,Safe / Constructive,0
773,Bill Barr is a traitor. Lindsey Graham is a traitor. Mitch McConnell is a traitor. Donald Trump is a traitor. But if Dem,Hostile / Cyberbullying,1
774,"so I posted this pic on Facebook, and my dad responded with this and I just wanna know why he thought my emotions could",Safe / Constructive,0
775,Changkyun and Minhyuk telling monbebes to put on their raincoats because they worry about monbebes getting sick meanwhile,Hostile / Cyberbullying,1
776,Never met a mother like my mom she never folds no matter how hard ANYTHING GETS. She keeps it pushing goes 100x har,Safe / Constructive,0
777,I was cold bruh .. my chesting game sick .. that's why today my chest game sick,Safe / Constructive,0
778,All time worst President. Resign right now!,Hostile / Cyberbullying,1
779,"Karma where you at you? You better have my back, cause you know damn well I didn't deserve that. Oh I'm finna lose it, go",Hostile / Cyberbullying,1
780,Liverpool quote (after sick Chelsea fans sung about Mo Salah: This behaviour needs to be called out for what it is - unadult,Safe / Constructive,0
781,"2 years ago today, released her most acclaimed single, ""Bad Liar."" The Platinum-certified song peaked at 20 on",Safe / Constructive,0
782,When are you getting on worst games on roblox,Safe / Constructive,0
783,I got that A1 shxt that come in a package no bullshit,Hostile / Cyberbullying,1
784,Before Harden stans get emotional. He's still a bum tho,Hostile / Cyberbullying,1
785,I need a stinker tonight papi,Hostile / Cyberbullying,1
786,yall waited for a white woman to say that james charles is problematic trash to cancel him? when poc been telling y'all that f,Hostile / Cyberbullying,1
787,"Our Economy and Jobs Market is BOOMING, the best in the World and in our Country's history - and we have just started!",Safe / Constructive,0
788,"Let congress die due to its own mistakes, its inability to encourage young leaders, its inability to be",Safe / Constructive,0
789,"We whites have higher IQ's than blacks, this is because IQ measures intelligence and we are the more evolved and superior race with a larger brain.",Hostile / Cyberbullying,1
790,The problem with Bill Barr is he thinks we are as dumb as he's pretending to be and we aren't. The guy's nickname fro,Hostile / Cyberbullying,1
791,Have you booked hangman vs orange Cassidy yet?,Safe / Constructive,0
792,"PERFECTLY-BEHAVED MACY IS ON TOMORROW'S KILL LIST, ANYWAY. A ""1"" on the behavior school means ideal with people AND dog",Safe / Constructive,0
793,That's okay it's obvious you are a trump hater and you rather do that,Safe / Constructive,0
794,"Good morning, everyone. Following one of the worst days of my life I just want to formally apologise for the outrage I caused",Safe / Constructive,0
795,All I said he's had a lot of help when people say he didn't and I showed y'all all the numb,Safe / Constructive,0
796,Frenchie Fry Erasers - for those dog loving stationery addicts out there!! Great gifts for any age and will look su,Safe / Constructive,0
797,You're not the only ones who want to see Lucifer season 5! LuciferSeason5,Safe / Constructive,0
798,"Jake Paul making an entire video complaining about Cody Ko, the most unproblematic youtuber ever who really just sits at hom",Safe / Constructive,0
799,"Darling Tonto, please kindly think of a few things: Think of your son. Think of yourself. Think beyond now. Think of t",Safe / Constructive,0
800,We vote for him for president.,Safe / Constructive,0
801,If ever there was an advert for abolishing the Lords it is Lord Bichard who says Retired people could do work for pensions Pe,Safe / Constructive,0
802,"10 FREE TIX LEFT! ""Listen Up Startups: Why You Need a Board and How to Build One"" Join us June 11 bring your que",Safe / Constructive,0
803,you're an army if you use: seokjin instead of jin namjoon instead of RM yoongi instead of suga hoseok instead of j-hope,Safe / Constructive,0
804,"I need rest, better thoughts, vibes, EVERYTHING!",Safe / Constructive,0
805,"PresidentTweety could tell his supporters ""I phucked your mother and I am your father",Hostile / Cyberbullying,1
806,calls dangerous? He sold weapons to El Chapo. Now who is dangerous? Shut the hell up Eric the criminal.,Hostile / Cyberbullying,1
807,"I'm so sick of being sick and tired. The only thing stopping us from saving 40,000 lives annually isn't people caring ab",Safe / Constructive,0
808,"Just stressing for everything at the moment :( but you know it, you'll do so well!! Hoping we all know more than we think xxx",Hostile / Cyberbullying,1
809,Great News! Thank you ! Pentagon To Transfer $1.5 Billion From Afghanistan Funding For Trump's Bo,Safe / Constructive,0
810,Like wtf is Dany gonna do just lock her in a cupboard!,Hostile / Cyberbullying,1
811,Ooh I never have to go to Walmart. But this lmao,Safe / Constructive,0
812,This dude sold a gambling/scam to his child audience like two months ago lol - disqusting! Also he doesn't know how to,Hostile / Cyberbullying,1
813,Congrats! You're the 15th person to say that. And generally there are only two sexes at birth,Safe / Constructive,0
814,I wrote this song in honor of the Greatest President to ever walk the Earth. My President . Sir you have d,Safe / Constructive,0
815,Been a while since I had a little Willie in my mouth And yes. I swallow.,Safe / Constructive,0
816,MTN's Jumia fell 19% after Andrew Left of Citron Research called it an 'obvious fraud'. Left is well known as a rather,Safe / Constructive,0
817,"A Mother's Work is Never Done A mother's earthly work may never be done, but her heavenly work is eternal.",Safe / Constructive,0
818,FSU is the place to be....Don't rush the decision just know you'll have a great opportunity under C,Safe / Constructive,0
819,Die partner suck... well that's one way to go,Hostile / Cyberbullying,1
820,Only a few minutes left GO GO GO BBMAsTopSocial BTS,Safe / Constructive,0
821,He's not billionaire. He's con artist who wa,Hostile / Cyberbullying,1
822,Seem to be planning a lot for someone who's skint,Safe / Constructive,0
823,You're going to start having more energy to do what you came here to do. Your purpose will revel itself and the supply wi,Safe / Constructive,0
824,all of u should have an extra contact case at ur house incase i ever come to chill and i need one,Safe / Constructive,0
825,You look like Sloth with deeper Down's syndrome,Hostile / Cyberbullying,1
826,"190510 Yixing weibo update "": uh are you fat or is your fur just long?""",Safe / Constructive,0
827,Holy crap. This is what happens when our young people remain ignorant about their reproductive and sexual health. https:/,Safe / Constructive,0
828,Not following this whole case but wtf is this?? Ali Zafar is such a small guy,Hostile / Cyberbullying,1
829,you're checking it just now...jus as i thot...TRASH,Hostile / Cyberbullying,1
830,After NaLu one of my favourite couple ----------------------------------------------------------------------------------,Safe / Constructive,0
831,TaehyungYouArePerfect Don't listen to what they say to you Only stupid people who think you're ugly Taehyungweloveyou T,Hostile / Cyberbullying,1
832,"Start with Antifa then Muslim Brotherhood. Raise you hand, using the appropriate sign language, if you think Ilhan Omar",Safe / Constructive,0
833,"""but would you be able to rest?"" ""you can rest now""",Safe / Constructive,0
834,LA sold out WTF I couldnt get any WTF !!,Hostile / Cyberbullying,1
835,We hate nazis right?? We extra hate nazis who work for the NC division of prisons right??? Glad you're on board. This,Hostile / Cyberbullying,1
836,there's a lady at my moms apartment complex who's trying to walk her cat on a leash. when I tell yall I'm dying https,Safe / Constructive,0
837,"in honor of paul rudd hosting SNL tonight, here we have his groundbreaking role as dan charles aka one direction's bigge",Safe / Constructive,0
838,this what you get for tryna get kfc as if popeyes isn't superior,Safe / Constructive,0
839,Lil' mama got a fatty I'm lovin ya waste line / Just like that you'll get them dollaz if ya wine,Safe / Constructive,0
840,WERE DID YOU GET THAT BRACELET FROM T.T I WANT ONE,Safe / Constructive,0
841,"[ HELP RT ] Hi everyone, i need your help to report this instagram acc @/awiembr69 he's using someone vid to make his so",Safe / Constructive,0
842,We need to put Obama behind bars!,Safe / Constructive,0
843,Good morning to everyone especially AG Barr who's getting attacked because he's about to bring the pain to the treasonous dee,Safe / Constructive,0
844,And now I kind of want a job making data visualizations for pornhub insights,Hostile / Cyberbullying,1
845,Y'all gotta stop coming for peoples pockets cause you got a couple dollars in yours. Especially people you never me,Safe / Constructive,0
846,is that a vacuum cleaner with a mouth,Safe / Constructive,0
847,"Swamp people, -You all be found out now",Safe / Constructive,0
848,this is a fetus at 6 weeks. if you think he deserves to die you are a monster,Hostile / Cyberbullying,1
849,"It was obvious from the very beginning he always regarded himself as a maverick, which the PM's letter also suggest",Safe / Constructive,0
850,American consumers pay this tax increase not China moron.,Hostile / Cyberbullying,1
851,i suck at texting unless: 1. we're in a relationship 2. i like you 3. me you are close af,Hostile / Cyberbullying,1
852,6) Pace and goal line Clearances Rudiger is a very fast CB. In this case he uses his pace to quickly get to the goal line to,Safe / Constructive,0
853,People can be so greedy!!! They need to be thankful that they had even the opportunity to win.,Safe / Constructive,0
854,Muslim refugees in Sweden This is why we don't want them in United States Of America Muslims only want to take over USA,Hostile / Cyberbullying,1
855,Tati Westbrook putting James Charles in the trash where he belongs (colorized),Hostile / Cyberbullying,1
856,wow fck the Oregonian and that's on everything.,Hostile / Cyberbullying,1
857,meanwhile harry: -sold out two world tours -28 award winning artist -the face of gucci -cohosting the biggest met gala in,Safe / Constructive,0
858,"""Hows your little gf?"" That's my wife and your makeup's trash",Hostile / Cyberbullying,1
859,"Surprised that the burqa is banned in Belgium, but not in Poland where they are is much more looked-down upon. Kill them",Hostile / Cyberbullying,1
860,my grandma isnt asnwering any calls amd im still at rhis grisl house from 2:30. she better not be dead.,Safe / Constructive,0
861,Damn straight! Who appointed those criminals in DC as police of the world?,Hostile / Cyberbullying,1
862,Not even Jesus can die for you,Hostile / Cyberbullying,1
863,It's pure privilege to watch Eurovision and ignore Palestinian people. You're emboldening an apartheid regime. You're,Hostile / Cyberbullying,1
864,"When asked if he ever played after getting poked in the eye, Kerr said ""It's hard to get poked in the eye when you're on th",Safe / Constructive,0
865,"""He allowed people to express their racism and bigotry in a way that they haven't been able to in quite a while and th",Hostile / Cyberbullying,1
866,Chubbs update He's getting huge It feels like yesterday that I could hold him with one hand,Safe / Constructive,0
867,Maybe it's because you're autistic?? Wish you death,Hostile / Cyberbullying,1
868,"""You're funny af"" ""You're super nice wow""",Hostile / Cyberbullying,1
869,Timi you're blocked as well,Hostile / Cyberbullying,1
870,"Well done Slovakia and god bless. DO NOT build mosques, or allow or recognise Islam. They will get the point that EUROPE don't want Muslims here.",Hostile / Cyberbullying,1
871,The fact that thor just walked past on loki cell is forever going to haunt me bye-,Safe / Constructive,0
872,"If you openly call another crew ""faggots"" and tell us 'we're trash' because we simply protect our ship from you and yo",Hostile / Cyberbullying,1
873,"I've been putting out albums for a quarter century. If you're just discovering my music now, you may not know where to sta",Safe / Constructive,0
874,"If you're sick of mosquitos ruining your day, this is PERFECT for you! Buy now get Extra 10% Off Use code NEW10 50%",Safe / Constructive,0
875,"It's your job to love your mother, and it's our job to keep her in good health. Let's do our jobs extra well this M",Safe / Constructive,0
876,"Morning America My Awesome Patriots Rock Roll For God,USA,Justice! Luv President Trump,ICE, Blue,Military! Never Ha",Safe / Constructive,0
877,War criminal. You make me sick,Hostile / Cyberbullying,1
878,The BTS Effect as seen with the guy selling Pizza!! Doesn't matter what you're doing you need to stop and dance when you,Safe / Constructive,0
879,"Which is why u dumb bums need to stop getting your lashes done from any random lash ""tech"". Make sure they're certified at lea",Hostile / Cyberbullying,1
880,"""Congress people hate me so much that they dream of KILLING me"" - Modi Coming from an incumbent PM, this is an extr",Hostile / Cyberbullying,1
881,"US Marshals need to be on hand to jail Barr, and Congress must remove Trump from office immediately.",Hostile / Cyberbullying,1
882,She said is christian. Well I now I want to bury her,Hostile / Cyberbullying,1
883,McDonald's better hurry tf up bc I gotta go to work hahah,Hostile / Cyberbullying,1
884,Get out of church you traitors,Hostile / Cyberbullying,1
885,"So I'm doing a research paper in English about mental health and school,, that being said: RT if your mental health has made",Safe / Constructive,0
886,"Anyways what we've learned tonight is that kpoppies suck balls, it's immature to call people emo as in insult and go stan an",Hostile / Cyberbullying,1
887,"I am so embarrassed now ahaha - it sounded just like you, I am sorry :( lol",Safe / Constructive,0
888,me speeding: we're approximately 20 minutes late to this DAMN award show. jungkook: AY WAIT THERES A BURGER KING TO UR LEFT.,Hostile / Cyberbullying,1
889,Each of which I have tried to sensibly respond to and been called a liar and worse. But the penultimate was when s,Safe / Constructive,0
890,Hate when people only ever ring you when they want something,Hostile / Cyberbullying,1
891,"""Birth control pills, IUD's and other methods of birth control like that the bill states that any birth control that",Safe / Constructive,0
892,THEYRE TWERKING THEYRE TWERKING THEYRE TWERKING THEYRE TWERKING THEYRE TWERKING THEYRE TWERKING THEYRE TWERKING THEYRE T,Safe / Constructive,0
893,"Yes! ""Little Big Man"" - I haven't heard that one in years. The one I REALLY want but I've never been ab",Safe / Constructive,0
894,The PM is a REMAINER LIAR.,Hostile / Cyberbullying,1
895,Be the face of BTS which means dont be rude under other artists' tweets or any post that mentioned BTS with them. U gu,Safe / Constructive,0
896,"So you're going by ""Cody ko"" now nerd? Haha whats up douche bag, it's Noel from Highschool. Remember me? Me and the guys",Hostile / Cyberbullying,1
897,This is why you're jobless,Safe / Constructive,0
898,"Women deserve to be abused, I guess.",Hostile / Cyberbullying,1
899,It was the first time they realized when the president or a presidenti,Hostile / Cyberbullying,1
900,baby Future when he wanted a Big Wheel but dad handed him a Rolex instead,Safe / Constructive,0
901,They are actually not as empty as we think. They're slow moving in....but not as empty.,Safe / Constructive,0
902,Arggg i get was thinking that seems like a very stressful way of doing something. Lovely work as usual. H,Safe / Constructive,0
903,YOU TRULY ARE A F**KING MORON! .. ..SIMPLY CLUELESS AS TO HOW TARIFFS WORK! NO WONDER YOU LOS,Hostile / Cyberbullying,1
904,damn you really did scorpios dust,Hostile / Cyberbullying,1
905,I hate you'll.... but she didn't tell us that juicy piece tho,Hostile / Cyberbullying,1
906,They cooperated as much as they could before your friend her twted their private info just like th,Safe / Constructive,0
907,is it a seated show or a standing show? (DXP'19) because I need to know if I should wear heels or not hehe,Safe / Constructive,0
908,ISTG THE LOOK ON HIS FACE INTERNATIONAL PLAYBOY RIGHT THERE BTCHES!!! BBMAs,Hostile / Cyberbullying,1
909,"Fanart kong replied on tgd (2) : if maybe you're tired, (i) left this (here) to use, kong nim : it's cool!!! ((this is s",Safe / Constructive,0
910,Time to nuke China or Unleash a plague.,Hostile / Cyberbullying,1
911,I literally never took the pacer test what is the collective fever dream y'all had is this the Mandela affect did I switch timelines,Safe / Constructive,0
912,So only a virgin is chaste? Rest of them are? Horrible comparison,Safe / Constructive,0
913,"Not a single Arab has ever shot up a school. This isn't only racist, it's stupid. Every school shooter looked like your All-A",Hostile / Cyberbullying,1
914,Taehyung and visual always go hand in hand.,Safe / Constructive,0
915,"DAMN IT, GILMORE, GIVE THEM BACK THEIR BALLS gilmoregirls",Hostile / Cyberbullying,1
916,There comes a point where you no longer care if there's a light at the end of the tunnel or not. You're just sick of the t,Hostile / Cyberbullying,1
917,Your friend that is not my friend should never know my business,Safe / Constructive,0
918,"UNTUK KALI KE BERAPA NTAH , AKU HARAP SANGAT CLEAR SKIN BEFORE RAYA CLEAR SKIN BEFORE RAYA CLEAR SKIN BEFORE RAYA CLEAR SKIN",Safe / Constructive,0
919,. it's becoming increasingly unclear to me why you're still advocating for another pipeline when you,Safe / Constructive,0
920,Now she gone think I'm a creep oh well,Hostile / Cyberbullying,1
921,Full offense but people that make video games almost never understand what's enjoyable about video games,Hostile / Cyberbullying,1
922,We have more of a chance and opportunity now that we ever did with the rest of the spineless GoP...I think we might fina,Hostile / Cyberbullying,1
923,"Don't worry, I'll post something way more lewd in a little bit",Safe / Constructive,0
924,Gujarati Hindu india parents mother father mum dad truth love compassion child son daughter sanskaras Maa #,Safe / Constructive,0
925,Most of the family farm have been lost for years but trumps stupid tariffs will make sure the rest will be gone as well.,Hostile / Cyberbullying,1
926,anyway here's the most carefree deer in the world prancing along the beach at dawn,Hostile / Cyberbullying,1
927,ellen: h- joon: ah sh*t here we go again,Hostile / Cyberbullying,1
928,"TransCrowdFund Hey all I'm Kaya, today is my birthday, and all I want is to get my name changed",Hostile / Cyberbullying,1
929,"i've always supported coutinho, shame on u people",Hostile / Cyberbullying,1
930,Simple salad: poached chicken in wasabi orange mayo; segmented orange; Lebanese cucumber slices; black sesame seeds food,Safe / Constructive,0
931,ugh help us have the show back instead :( I don't wanna say bye SaveSTAR renewSTAR,Safe / Constructive,0
932,You idiot! A kid who is mentally ill takes a gun and shoots ALL white,Hostile / Cyberbullying,1
933,"my sister opens a nasi arab restaurant at age 19 since it's hard for her to further study due to her ""conditions"". But",Safe / Constructive,0
934,"Since pedophiles (MAP / NOMAP) and their allies think they're a valid sexual orientation, I decided to make them a pride fla",Hostile / Cyberbullying,1
935,My hot water heater went out today-That damn trump got me again!!!,Hostile / Cyberbullying,1
936,Me at work thinking about something I can invent so I can stop coming to this motherfcker,Hostile / Cyberbullying,1
937,I-I WON'T GO IN THERE EITHER,Safe / Constructive,0
938,I really want people to stop asking what's next for me like damn can I put my cap gown away first,Hostile / Cyberbullying,1
939,You ARE going to Jail John.... Suck it!,Hostile / Cyberbullying,1
940,"My name is Vika, I'm 22. I love role-playing games I am looking for a vulgar guy, I want to fool around, webcam sex",Hostile / Cyberbullying,1
941,"- Rurouni Kenshin : Kyoto Inferno - Like Father, Like Son - Solomon's Prejury",Safe / Constructive,0
942,"When you play the game of thrones, you win or you die. The series finale premieres tonight at 9PM on . TheFinalEpi",Safe / Constructive,0
943,"katsuki: move it halfie, I'm claustrophobic shouto: what does claustrophobic means? izuku: it means he's afraid of s",Safe / Constructive,0
944,Why Canada why they gotta do ya like this test it in some random country in Africa,Safe / Constructive,0
945,"These women aren't autistic, they are smart, autistic people are retards, they make weird noises, they flap their hands. These people are not autistic.",Hostile / Cyberbullying,1
946,At work until tomorrow morning. iMessage games welcome,Safe / Constructive,0
947,NYC FOUND DOG ALERT: he's still missing and he's still at the 28th. Somebody's missing him. PLEASE RT.,Safe / Constructive,0
948,"Labour is unequivocally the party for 'Remain -in a state' it's now too late, the British public, have chosen their",Safe / Constructive,0
949,Almost interned there for social work too damn,Hostile / Cyberbullying,1
950,gamora getting ready to give the gays everything we want,Safe / Constructive,0
951,thank you you're an angel :( I still need to lose at least 5kgs and then 5 more,Safe / Constructive,0
952,tell me what it is that you want from me,Safe / Constructive,0
953,My piece in on how WhitePrivilege whitewashes racist inflammatory behaviour as UNCONSCIOUS BIAS; perpetuates B,Safe / Constructive,0
954,"Ben Shapiro an ""enabler of fascism""? He's Jewish. Yet another example of the utter ""everyone's a Nazi"" hysteria that has",Hostile / Cyberbullying,1
955,Tonight the long awaited give away winner is announced!!! We give away the stream chair to one lucky viewer!!!! I h,Safe / Constructive,0
956,Convinced the bf to get this for me. Now I need the B N edition to go along with this the ARC,Safe / Constructive,0
957,Trans are using the same logic feminists have been using for decades to destroy men so i don&39t feel sorry for wamen not one bit!,Hostile / Cyberbullying,1
958,Scroll down Keep scrolling a little more NOW YOU'RE OBLI,Safe / Constructive,0
959,When i found out Bran was going to be king,Safe / Constructive,0
960,I rather be single then stupid for a mf,Hostile / Cyberbullying,1
961,"transgenders need help...they are sick in the head. Civilization has messed up the world. Soon enough, people will claim to have the right to change to animals and it will be seen as human rights or right to choose",Hostile / Cyberbullying,1
962,Her: if you don't get two kills in two shots I'm going through your phone. Me: Fortnite XboxShare,Safe / Constructive,0
963,Go the StopAdani chicks!!! TheWeekly,Safe / Constructive,0
964,WHAT but they're the cutest :((,Safe / Constructive,0
965,is it so hard not to be racist?!! like wtf retweet to show what kind of person she is,Hostile / Cyberbullying,1
966,they still think you're nuts,Hostile / Cyberbullying,1
967,How do you get females in trouble? :) Pm me to find out,Hostile / Cyberbullying,1
968,You should know women's sports are a joke,Hostile / Cyberbullying,1
969,How can any American not be calling for the impeachment of both Barr and Trump right now? This is unbelievable! https:/,Hostile / Cyberbullying,1
970,President suffers meltdown after James Comey told CNN it is 'possible' that 'the Russians have leverage over President Trump',Hostile / Cyberbullying,1
971,the way he has his eyes closed while waiting for the hat to be put on him and his little smile after:( him is baby https:,Safe / Constructive,0
972,So you're perfectly fine with a babies brains being sucked out of their head? Why not paint that and be super p,Hostile / Cyberbullying,1
973,"that's pretty funny...But how'd you get kicked off of Total Drama Island on episode 2, u goober?",Hostile / Cyberbullying,1
974,soundcloud user: i know exactly what i want and who i want to be,Safe / Constructive,0
975,"STINKIN', JATAROU-LOVIN' LIAR!!",Hostile / Cyberbullying,1
976,stone throwing must be legal when against women,Hostile / Cyberbullying,1
977,Yup. Give it a rest you nut jobs. How much more are they going to waste on it? People funding these crooks are fool's.,Hostile / Cyberbullying,1
978,NAME : Shree Mariya B Lawn 2 Pakistani Catalog Collection TOTAL DESIGN : 7 WEIGHT :,Safe / Constructive,0
979,dazai and dostoevsky doing some stupid sapiosexual bullshit in the foreground as gogol looks on....,Hostile / Cyberbullying,1
980,190% because you know the rest,Safe / Constructive,0
981,Ever wondered why Modi gave up blaming Nehru for everything shifted his focus on RajivGandhi instead? That is becaus,Hostile / Cyberbullying,1
982,"""I... can't get through the boss door!"" ""..."" ""I wanna fight the bull again!"" He's repeatedly hitting it with his pyromancy glove.",Safe / Constructive,0
983,I spoke about my abortion on my show tonight because I can not sit idly by while women's rights are stripped away. https:,Safe / Constructive,0
984,Further proof that any organised religion is full-on bullshit,Hostile / Cyberbullying,1
985,"""haha yeah buddy suck on my 2 liters""",Hostile / Cyberbullying,1
986,this why this generation stupid :/,Hostile / Cyberbullying,1
987,UAE BO May16-18 wknd: DeDePyaarDe 3 Days Admits: 27383 Gross: 1.88 Cr. MrLocal 3 Days Admits: 14040 Gross: 95.47 Lakh,Hostile / Cyberbullying,1
988,Based on what actual facts? All you're seeing is unredacted more than we see! How in hell do you think y,Hostile / Cyberbullying,1
989,This Liar and Thief -Stolen Valor He Should be Charged!!,Hostile / Cyberbullying,1
990,Why does Bulgaria exist as a country? It's one of those homosexual ones.,Hostile / Cyberbullying,1
991,"Awe, poor little liberal ... probably because you're a total idiot...and you",Hostile / Cyberbullying,1
992,I think I want to spend a day at the spa for my birthday.,Safe / Constructive,0
993,Donald Trump reveals he's somehow even more sick and twisted than we thought,Hostile / Cyberbullying,1
994,"There is no way to determine whether houses can ever truly die. For all we know, houses have two states: Awake, and asleep.",Safe / Constructive,0
995,". is a liar, he said liberals don't hold private fundraisers inside the private homes of billionaires: http",Hostile / Cyberbullying,1
996,Sick!!!! And if his mother felt this way? He wouldn't be here would he...so pathetic! Excuses are ju,Hostile / Cyberbullying,1
997,"I've done more for Firefighters than this dues sucking union will ever do, and I get paid ZERO!",Hostile / Cyberbullying,1
998,PBS Defends 'Arthur' Episode Where Mr. Ratburn Reveals He's The Ultimate Twink Power Bottom,Safe / Constructive,0
999,Predator trump is now threatening to abuse his power once again and go after political foes like John Kerry and Joe Bid,Hostile / Cyberbullying,1
1000,"A cheap suit like you, Schiff, should be able to prove your claim. But you're just a cheap suit, with a big mouth.",Hostile / Cyberbullying,1
